{
  "schema": {
    "fields": [
      "year",
      "phase",
      "round",
      "team1",
      "team2",
      "score1",
      "score2",
      "note"
    ],
    "phase_values": [
      "gruppspel",
      "slutspel",
      "final"
    ]
  },
  "generated_at_utc": "2026-01-24T11:23:25Z",
  "matches": [
    {
      "year": 2025,
      "phase": "okänd",
      "round": "Grupp A",
      "team1": "Sverige",
      "team2": "Chile",
      "score1": 7,
      "score2": 1,
      "note": null,
      "raw": "Sverige-Chile 7-1",
      "parse_ok": true
    },
    {
      "year": 2025,
      "phase": "okänd",
      "round": "Grupp A",
      "team1": "Kanada",
      "team2": "Norge",
      "score1": 4,
      "score2": 0,
      "note": null,
      "raw": "Kanada-Norge 4-0",
      "parse_ok": true
    },
    {
      "year": 2025,
      "phase": "okänd",
      "round": "Grupp A",
      "team1": "Sverige",
      "team2": "Kanada",
      "score1": 2,
      "score2": 2,
      "note": null,
      "raw": "Sverige-Kanada 2-2",
      "parse_ok": true
    },
    {
      "year": 2025,
      "phase": "okänd",
      "round": "Grupp A",
      "team1": "Chile",
      "team2": "Norge",
      "score1": 3,
      "score2": 1,
      "note": null,
      "raw": "Chile-Norge 3-1",
      "parse_ok": true
    },
    {
      "year": 2025,
      "phase": "okänd",
      "round": "Grupp A",
      "team1": "Sverige",
      "team2": "Norge",
      "score1": 4,
      "score2": 2,
      "note": null,
      "raw": "Sverige-Norge 4-2",
      "parse_ok": true
    },
    {
      "year": 2025,
      "phase": "okänd",
      "round": "Grupp A",
      "team1": "Kanada",
      "team2": "Nauru",
      "score1": 1,
      "score2": 0,
      "note": null,
      "raw": "Kanada-Nauru 1-0",
      "parse_ok": true
    },
    {
      "year": 2025,
      "phase": "okänd",
      "round": "Grupp A",
      "team1": "Chile",
      "team2": "Nauru",
      "score1": 2,
      "score2": 1,
      "note": null,
      "raw": "Chile-Nauru 2-1",
      "parse_ok": true
    },
    {
      "year": 2025,
      "phase": "okänd",
      "round": "Grupp A",
      "team1": "Sverige",
      "team2": "Nauru",
      "score1": 4,
      "score2": 1,
      "note": null,
      "raw": "Sverige-Nauru 4-1",
      "parse_ok": true
    },
    {
      "year": 2025,
      "phase": "okänd",
      "round": "Grupp A",
      "team1": "Kanada",
      "team2": "Chile",
      "score1": 0,
      "score2": 2,
      "note": null,
      "raw": "Kanada-Chile 0-2",
      "parse_ok": true
    },
    {
      "year": 2025,
      "phase": "okänd",
      "round": "Grupp A",
      "team1": "Nauru",
      "team2": "Norge",
      "score1": 3,
      "score2": 4,
      "note": null,
      "raw": "Nauru-Norge 3-4",
      "parse_ok": true
    },
    {
      "year": 2025,
      "phase": "okänd",
      "round": "Grupp B",
      "team1": "Jugoslavien",
      "team2": "Peru",
      "score1": 2,
      "score2": 1,
      "note": null,
      "raw": "Jugoslavien-Peru 2-1",
      "parse_ok": true
    },
    {
      "year": 2025,
      "phase": "okänd",
      "round": "Grupp B",
      "team1": "Nordkorea",
      "team2": "St:Kitts/Nevis",
      "score1": 3,
      "score2": 1,
      "note": null,
      "raw": "Nordkorea-St:Kitts/Nevis 3-1",
      "parse_ok": true
    },
    {
      "year": 2025,
      "phase": "okänd",
      "round": "Grupp B",
      "team1": "Jugoslavien",
      "team2": "Nordkorea",
      "score1": 2,
      "score2": 1,
      "note": null,
      "raw": "Jugoslavien-Nordkorea 2-1",
      "parse_ok": true
    },
    {
      "year": 2025,
      "phase": "okänd",
      "round": "Grupp B",
      "team1": "Peru",
      "team2": "Malta",
      "score1": 4,
      "score2": 2,
      "note": null,
      "raw": "Peru-Malta 4-2",
      "parse_ok": true
    },
    {
      "year": 2025,
      "phase": "okänd",
      "round": "Grupp B",
      "team1": "Jugoslavien",
      "team2": "St:Kitts/Nevis",
      "score1": 2,
      "score2": 0,
      "note": null,
      "raw": "Jugoslavien-St:Kitts/Nevis 2-0",
      "parse_ok": true
    },
    {
      "year": 2025,
      "phase": "okänd",
      "round": "Grupp B",
      "team1": "Nordkorea",
      "team2": "Malta",
      "score1": 7,
      "score2": 1,
      "note": null,
      "raw": "Nordkorea-Malta 7-1",
      "parse_ok": true
    },
    {
      "year": 2025,
      "phase": "okänd",
      "round": "Grupp B",
      "team1": "Peru",
      "team2": "St:Kitts/Nevis",
      "score1": 3,
      "score2": 2,
      "note": null,
      "raw": "Peru-St:Kitts/Nevis 3-2",
      "parse_ok": true
    },
    {
      "year": 2025,
      "phase": "okänd",
      "round": "Grupp B",
      "team1": "Jugoslavien",
      "team2": "Malta",
      "score1": 5,
      "score2": 0,
      "note": null,
      "raw": "Jugoslavien-Malta 5-0",
      "parse_ok": true
    },
    {
      "year": 2025,
      "phase": "okänd",
      "round": "Grupp B",
      "team1": "Nordkorea",
      "team2": "Peru",
      "score1": 1,
      "score2": 0,
      "note": null,
      "raw": "Nordkorea-Peru 1-0",
      "parse_ok": true
    },
    {
      "year": 2025,
      "phase": "okänd",
      "round": "Grupp B",
      "team1": "Malta",
      "team2": "St:Kitts/Nevis",
      "score1": 1,
      "score2": 4,
      "note": null,
      "raw": "Malta-St:Kitts/Nevis 1-4",
      "parse_ok": true
    },
    {
      "year": 2025,
      "phase": "okänd",
      "round": "Grupp C",
      "team1": "Finland",
      "team2": "Belgien",
      "score1": 2,
      "score2": 2,
      "note": null,
      "raw": "Finland-Belgien 2-2",
      "parse_ok": true
    },
    {
      "year": 2025,
      "phase": "okänd",
      "round": "Grupp C",
      "team1": "Schweiz",
      "team2": "Skottland",
      "score1": 3,
      "score2": 0,
      "note": null,
      "raw": "Schweiz-Skottland 3-0",
      "parse_ok": true
    },
    {
      "year": 2025,
      "phase": "okänd",
      "round": "Grupp C",
      "team1": "Finland",
      "team2": "Schweiz",
      "score1": 3,
      "score2": 0,
      "note": null,
      "raw": "Finland-Schweiz 3-0",
      "parse_ok": true
    },
    {
      "year": 2025,
      "phase": "okänd",
      "round": "Grupp C",
      "team1": "Belgien",
      "team2": "Nepal",
      "score1": 4,
      "score2": 0,
      "note": null,
      "raw": "Belgien-Nepal 4-0",
      "parse_ok": true
    },
    {
      "year": 2025,
      "phase": "okänd",
      "round": "Grupp C",
      "team1": "Finland",
      "team2": "Skottland",
      "score1": 2,
      "score2": 0,
      "note": null,
      "raw": "Finland-Skottland 2-0",
      "parse_ok": true
    },
    {
      "year": 2025,
      "phase": "okänd",
      "round": "Grupp C",
      "team1": "Schweiz",
      "team2": "Nepal",
      "score1": 0,
      "score2": 2,
      "note": null,
      "raw": "Schweiz-Nepal 0-2",
      "parse_ok": true
    },
    {
      "year": 2025,
      "phase": "okänd",
      "round": "Grupp C",
      "team1": "Belgien",
      "team2": "Skottland",
      "score1": 0,
      "score2": 0,
      "note": null,
      "raw": "Belgien-Skottland 0-0",
      "parse_ok": true
    },
    {
      "year": 2025,
      "phase": "okänd",
      "round": "Grupp C",
      "team1": "Finland",
      "team2": "Nepal",
      "score1": 5,
      "score2": 0,
      "note": null,
      "raw": "Finland-Nepal 5-0",
      "parse_ok": true
    },
    {
      "year": 2025,
      "phase": "okänd",
      "round": "Grupp C",
      "team1": "Schweiz",
      "team2": "Belgien",
      "score1": 1,
      "score2": 2,
      "note": null,
      "raw": "Schweiz-Belgien 1-2",
      "parse_ok": true
    },
    {
      "year": 2025,
      "phase": "okänd",
      "round": "Grupp C",
      "team1": "Nepal",
      "team2": "Skottland",
      "score1": 3,
      "score2": 1,
      "note": null,
      "raw": "Nepal-Skottland 3-1",
      "parse_ok": true
    },
    {
      "year": 2025,
      "phase": "okänd",
      "round": "Grupp D",
      "team1": "Färöarna",
      "team2": "Iran",
      "score1": 5,
      "score2": 2,
      "note": null,
      "raw": "Färöarna-Iran 5-2",
      "parse_ok": true
    },
    {
      "year": 2025,
      "phase": "okänd",
      "round": "Grupp D",
      "team1": "Italien",
      "team2": "Västtyskland",
      "score1": 1,
      "score2": 2,
      "note": null,
      "raw": "Italien-Västtyskland 1-2",
      "parse_ok": true
    },
    {
      "year": 2025,
      "phase": "okänd",
      "round": "Grupp D",
      "team1": "Färöarna",
      "team2": "Italien",
      "score1": 8,
      "score2": 1,
      "note": null,
      "raw": "Färöarna-Italien 8-1",
      "parse_ok": true
    },
    {
      "year": 2025,
      "phase": "okänd",
      "round": "Grupp D",
      "team1": "Iran",
      "team2": "Västtyskland",
      "score1": 2,
      "score2": 2,
      "note": null,
      "raw": "Iran-Västtyskland 2-2",
      "parse_ok": true
    },
    {
      "year": 2025,
      "phase": "okänd",
      "round": "Grupp D",
      "team1": "Färöarna",
      "team2": "Västtyskland",
      "score1": 5,
      "score2": 3,
      "note": null,
      "raw": "Färöarna-Västtyskland 5-3",
      "parse_ok": true
    },
    {
      "year": 2025,
      "phase": "okänd",
      "round": "Grupp D",
      "team1": "Iran",
      "team2": "Italien",
      "score1": 4,
      "score2": 1,
      "note": null,
      "raw": "Iran-Italien 4-1",
      "parse_ok": true
    },
    {
      "year": 2025,
      "phase": "slutspel",
      "round": "Åttondelsfinaler",
      "team1": "Chile",
      "team2": "Peru",
      "score1": 2,
      "score2": 1,
      "note": null,
      "raw": "Chile-Peru 2-1",
      "parse_ok": true
    },
    {
      "year": 2025,
      "phase": "slutspel",
      "round": "Åttondelsfinaler",
      "team1": "Nordkorea",
      "team2": "Kanada",
      "score1": 2,
      "score2": 3,
      "note": null,
      "raw": "Nordkorea-Kanada 2-3",
      "parse_ok": true
    },
    {
      "year": 2025,
      "phase": "slutspel",
      "round": "Åttondelsfinaler",
      "team1": "Belgien",
      "team2": "Västtyskland",
      "score1": 0,
      "score2": 4,
      "note": null,
      "raw": "Belgien-Västtyskland 0-4",
      "parse_ok": true
    },
    {
      "year": 2025,
      "phase": "slutspel",
      "round": "Åttondelsfinaler",
      "team1": "Iran",
      "team2": "Nepal",
      "score1": 2,
      "score2": 1,
      "note": "sd",
      "raw": "Iran-Nepal 2-1 (sd)",
      "parse_ok": true
    },
    {
      "year": 2025,
      "phase": "slutspel",
      "round": "Kvartsfinaler",
      "team1": "Sverige",
      "team2": "Västtyskland",
      "score1": 4,
      "score2": 2,
      "note": null,
      "raw": "Sverige-Västtyskland 4-2",
      "parse_ok": true
    },
    {
      "year": 2025,
      "phase": "slutspel",
      "round": "Kvartsfinaler",
      "team1": "Jugoslavien",
      "team2": "Iran",
      "score1": 3,
      "score2": 0,
      "note": null,
      "raw": "Jugoslavien-Iran 3-0",
      "parse_ok": true
    },
    {
      "year": 2025,
      "phase": "slutspel",
      "round": "Kvartsfinaler",
      "team1": "Finland",
      "team2": "Chile",
      "score1": 4,
      "score2": 5,
      "note": "sd",
      "raw": "Finland-Chile 4-5 (sd)",
      "parse_ok": true
    },
    {
      "year": 2025,
      "phase": "slutspel",
      "round": "Kvartsfinaler",
      "team1": "Färöarna",
      "team2": "Kanada",
      "score1": 3,
      "score2": 4,
      "note": "sd",
      "raw": "Färöarna-Kanada 3-4 (sd)",
      "parse_ok": true
    },
    {
      "year": 2025,
      "phase": "slutspel",
      "round": "Semifinaler",
      "team1": "Sverige",
      "team2": "Chile",
      "score1": 2,
      "score2": 0,
      "note": null,
      "raw": "Sverige-Chile 2-0",
      "parse_ok": true
    },
    {
      "year": 2025,
      "phase": "slutspel",
      "round": "Semifinaler",
      "team1": "Jugoslavien",
      "team2": "Kanada",
      "score1": 2,
      "score2": 1,
      "note": "sd",
      "raw": "Jugoslavien-Kanada 2-1 (sd)",
      "parse_ok": true
    },
    {
      "year": 2025,
      "phase": "slutspel",
      "round": "Bronsmatch",
      "team1": "Chile",
      "team2": "Kanada",
      "score1": 2,
      "score2": 1,
      "note": null,
      "raw": "Chile-Kanada 2-1",
      "parse_ok": true
    },
    {
      "year": 2025,
      "phase": "final",
      "round": "Final",
      "team1": "Sverige",
      "team2": "Jugoslavien",
      "score1": 4,
      "score2": 3,
      "note": null,
      "raw": "Sverige-Jugoslavien 4-3",
      "parse_ok": true
    },
    {
      "year": 2024,
      "phase": "okänd",
      "round": "Grupp A",
      "team1": "Färöarna",
      "team2": "Peru",
      "score1": 7,
      "score2": 2,
      "note": null,
      "raw": "Färöarna-Peru 7-2",
      "parse_ok": true
    },
    {
      "year": 2024,
      "phase": "okänd",
      "round": "Grupp A",
      "team1": "Schweiz",
      "team2": "Belgien",
      "score1": 1,
      "score2": 3,
      "note": null,
      "raw": "Schweiz-Belgien 1-3",
      "parse_ok": true
    },
    {
      "year": 2024,
      "phase": "okänd",
      "round": "Grupp A",
      "team1": "Färöarna",
      "team2": "Schweiz",
      "score1": 6,
      "score2": 0,
      "note": null,
      "raw": "Färöarna-Schweiz 6-0",
      "parse_ok": true
    },
    {
      "year": 2024,
      "phase": "okänd",
      "round": "Grupp A",
      "team1": "Peru",
      "team2": "Rhodesia",
      "score1": 3,
      "score2": 1,
      "note": null,
      "raw": "Peru-Rhodesia 3-1",
      "parse_ok": true
    },
    {
      "year": 2024,
      "phase": "okänd",
      "round": "Grupp A",
      "team1": "Färöarna",
      "team2": "Belgien",
      "score1": 6,
      "score2": 1,
      "note": null,
      "raw": "Färöarna-Belgien 6-1",
      "parse_ok": true
    },
    {
      "year": 2024,
      "phase": "okänd",
      "round": "Grupp A",
      "team1": "Schweiz",
      "team2": "Rhodesia",
      "score1": 4,
      "score2": 2,
      "note": null,
      "raw": "Schweiz-Rhodesia 4-2",
      "parse_ok": true
    },
    {
      "year": 2024,
      "phase": "okänd",
      "round": "Grupp A",
      "team1": "Peru",
      "team2": "Belgien",
      "score1": 3,
      "score2": 1,
      "note": null,
      "raw": "Peru-Belgien 3-1",
      "parse_ok": true
    },
    {
      "year": 2024,
      "phase": "okänd",
      "round": "Grupp A",
      "team1": "Färöarna",
      "team2": "Rhodesia",
      "score1": 4,
      "score2": 0,
      "note": null,
      "raw": "Färöarna-Rhodesia 4-0",
      "parse_ok": true
    },
    {
      "year": 2024,
      "phase": "okänd",
      "round": "Grupp A",
      "team1": "Schweiz",
      "team2": "Peru",
      "score1": 4,
      "score2": 1,
      "note": null,
      "raw": "Schweiz-Peru 4-1",
      "parse_ok": true
    },
    {
      "year": 2024,
      "phase": "okänd",
      "round": "Grupp A",
      "team1": "Rhodesia",
      "team2": "Belgien",
      "score1": 0,
      "score2": 4,
      "note": null,
      "raw": "Rhodesia-Belgien 0-4",
      "parse_ok": true
    },
    {
      "year": 2024,
      "phase": "okänd",
      "round": "Grupp B",
      "team1": "Sverige",
      "team2": "Mali",
      "score1": 4,
      "score2": 0,
      "note": null,
      "raw": "Sverige-Mali 4-0",
      "parse_ok": true
    },
    {
      "year": 2024,
      "phase": "okänd",
      "round": "Grupp B",
      "team1": "Tamil Eelam",
      "team2": "St:Kitts/Nevis",
      "score1": 2,
      "score2": 0,
      "note": null,
      "raw": "Tamil Eelam-St:Kitts/Nevis 2-0",
      "parse_ok": true
    },
    {
      "year": 2024,
      "phase": "okänd",
      "round": "Grupp B",
      "team1": "Sverige",
      "team2": "Tamil Eelam",
      "score1": 4,
      "score2": 0,
      "note": null,
      "raw": "Sverige-Tamil Eelam 4-0",
      "parse_ok": true
    },
    {
      "year": 2024,
      "phase": "okänd",
      "round": "Grupp B",
      "team1": "Mali",
      "team2": "Grekland",
      "score1": 0,
      "score2": 3,
      "note": null,
      "raw": "Mali-Grekland 0-3",
      "parse_ok": true
    },
    {
      "year": 2024,
      "phase": "okänd",
      "round": "Grupp B",
      "team1": "Sverige",
      "team2": "St:Kitts/Nevis",
      "score1": 4,
      "score2": 0,
      "note": null,
      "raw": "Sverige-St:Kitts/Nevis 4-0",
      "parse_ok": true
    },
    {
      "year": 2024,
      "phase": "okänd",
      "round": "Grupp B",
      "team1": "Tamil Eelam",
      "team2": "Grekland",
      "score1": 5,
      "score2": 2,
      "note": null,
      "raw": "Tamil Eelam-Grekland 5-2",
      "parse_ok": true
    },
    {
      "year": 2024,
      "phase": "okänd",
      "round": "Grupp B",
      "team1": "Mali",
      "team2": "St:Kitts/Nevis",
      "score1": 0,
      "score2": 0,
      "note": null,
      "raw": "Mali-St:Kitts/Nevis 0-0",
      "parse_ok": true
    },
    {
      "year": 2024,
      "phase": "okänd",
      "round": "Grupp B",
      "team1": "Sverige",
      "team2": "Grekland",
      "score1": 3,
      "score2": 1,
      "note": null,
      "raw": "Sverige-Grekland 3-1",
      "parse_ok": true
    },
    {
      "year": 2024,
      "phase": "okänd",
      "round": "Grupp B",
      "team1": "Tamil Eelam",
      "team2": "Mali",
      "score1": 4,
      "score2": 0,
      "note": null,
      "raw": "Tamil Eelam-Mali 4-0",
      "parse_ok": true
    },
    {
      "year": 2024,
      "phase": "okänd",
      "round": "Grupp B",
      "team1": "Grekland",
      "team2": "St:Kitts/Nevis",
      "score1": 3,
      "score2": 0,
      "note": null,
      "raw": "Grekland-St:Kitts/Nevis 3-0",
      "parse_ok": true
    },
    {
      "year": 2024,
      "phase": "okänd",
      "round": "Grupp C",
      "team1": "Nordkorea",
      "team2": "Iran",
      "score1": 2,
      "score2": 5,
      "note": null,
      "raw": "Nordkorea-Iran 2-5",
      "parse_ok": true
    },
    {
      "year": 2024,
      "phase": "okänd",
      "round": "Grupp C",
      "team1": "Kanada",
      "team2": "Spanien",
      "score1": 7,
      "score2": 1,
      "note": null,
      "raw": "Kanada-Spanien 7-1",
      "parse_ok": true
    },
    {
      "year": 2024,
      "phase": "okänd",
      "round": "Grupp C",
      "team1": "Nordkorea",
      "team2": "Kanada",
      "score1": 4,
      "score2": 1,
      "note": null,
      "raw": "Nordkorea-Kanada 4-1",
      "parse_ok": true
    },
    {
      "year": 2024,
      "phase": "okänd",
      "round": "Grupp C",
      "team1": "Iran",
      "team2": "Spanien",
      "score1": 4,
      "score2": 1,
      "note": null,
      "raw": "Iran-Spanien 4-1",
      "parse_ok": true
    },
    {
      "year": 2024,
      "phase": "okänd",
      "round": "Grupp C",
      "team1": "Nordkorea",
      "team2": "Spanien",
      "score1": 1,
      "score2": 0,
      "note": null,
      "raw": "Nordkorea-Spanien 1-0",
      "parse_ok": true
    },
    {
      "year": 2024,
      "phase": "okänd",
      "round": "Grupp C",
      "team1": "Iran",
      "team2": "Kanada",
      "score1": 0,
      "score2": 4,
      "note": null,
      "raw": "Iran-Kanada 0-4",
      "parse_ok": true
    },
    {
      "year": 2024,
      "phase": "slutspel",
      "round": "Kvartsfinaler",
      "team1": "Färöarna",
      "team2": "Grekland",
      "score1": 5,
      "score2": 1,
      "note": null,
      "raw": "Färöarna-Grekland 5-1",
      "parse_ok": true
    },
    {
      "year": 2024,
      "phase": "slutspel",
      "round": "Kvartsfinaler",
      "team1": "Sverige",
      "team2": "Schweiz",
      "score1": 4,
      "score2": 3,
      "note": "sd",
      "raw": "Sverige-Schweiz 4-3 (sd)",
      "parse_ok": true
    },
    {
      "year": 2024,
      "phase": "slutspel",
      "round": "Kvartsfinaler",
      "team1": "Kanada",
      "team2": "Tamil Eelam",
      "score1": 5,
      "score2": 3,
      "note": null,
      "raw": "Kanada-Tamil Eelam 5-3",
      "parse_ok": true
    },
    {
      "year": 2024,
      "phase": "slutspel",
      "round": "Kvartsfinaler",
      "team1": "Belgien",
      "team2": "Iran",
      "score1": 0,
      "score2": 4,
      "note": null,
      "raw": "Belgien-Iran 0-4",
      "parse_ok": true
    },
    {
      "year": 2024,
      "phase": "slutspel",
      "round": "Semifinaler",
      "team1": "Färöarna",
      "team2": "Kanada",
      "score1": 3,
      "score2": 2,
      "note": "sd",
      "raw": "Färöarna-Kanada 3-2 (sd)",
      "parse_ok": true
    },
    {
      "year": 2024,
      "phase": "slutspel",
      "round": "Semifinaler",
      "team1": "Sverige",
      "team2": "Iran",
      "score1": 6,
      "score2": 1,
      "note": null,
      "raw": "Sverige-Iran 6-1",
      "parse_ok": true
    },
    {
      "year": 2024,
      "phase": "slutspel",
      "round": "Bronsmatch",
      "team1": "Kanada",
      "team2": "Iran",
      "score1": 2,
      "score2": 1,
      "note": "sd",
      "raw": "Kanada-Iran 2-1 (sd)",
      "parse_ok": true
    },
    {
      "year": 2024,
      "phase": "final",
      "round": "Final",
      "team1": "Sverige",
      "team2": "Färöarna",
      "score1": 3,
      "score2": 6,
      "note": null,
      "raw": "Sverige-Färöarna 3-6",
      "parse_ok": true
    },
    {
      "year": 2023,
      "phase": "okänd",
      "round": "Grupp A",
      "team1": "Jugoslavien",
      "team2": "Sverige",
      "score1": 2,
      "score2": 2,
      "note": null,
      "raw": "Jugoslavien-Sverige 2-2",
      "parse_ok": true
    },
    {
      "year": 2023,
      "phase": "okänd",
      "round": "Grupp A",
      "team1": "Australien",
      "team2": "Nepal",
      "score1": 4,
      "score2": 2,
      "note": null,
      "raw": "Australien-Nepal 4-2",
      "parse_ok": true
    },
    {
      "year": 2023,
      "phase": "okänd",
      "round": "Grupp A",
      "team1": "Jugoslavien",
      "team2": "Australien",
      "score1": 4,
      "score2": 2,
      "note": null,
      "raw": "Jugoslavien-Australien 4-2",
      "parse_ok": true
    },
    {
      "year": 2023,
      "phase": "okänd",
      "round": "Grupp A",
      "team1": "Sverige",
      "team2": "Kanada",
      "score1": 2,
      "score2": 0,
      "note": null,
      "raw": "Sverige-Kanada 2-0",
      "parse_ok": true
    },
    {
      "year": 2023,
      "phase": "okänd",
      "round": "Grupp A",
      "team1": "Jugoslavien",
      "team2": "Nepal",
      "score1": 6,
      "score2": 3,
      "note": null,
      "raw": "Jugoslavien-Nepal 6-3",
      "parse_ok": true
    },
    {
      "year": 2023,
      "phase": "okänd",
      "round": "Grupp A",
      "team1": "Australien",
      "team2": "Kanada",
      "score1": 4,
      "score2": 0,
      "note": null,
      "raw": "Australien-Kanada 4-0",
      "parse_ok": true
    },
    {
      "year": 2023,
      "phase": "okänd",
      "round": "Grupp A",
      "team1": "Sverige",
      "team2": "Nepal",
      "score1": 4,
      "score2": 4,
      "note": null,
      "raw": "Sverige-Nepal 4-4",
      "parse_ok": true
    },
    {
      "year": 2023,
      "phase": "okänd",
      "round": "Grupp A",
      "team1": "Jugoslavien",
      "team2": "Kanada",
      "score1": 2,
      "score2": 1,
      "note": null,
      "raw": "Jugoslavien-Kanada 2-1",
      "parse_ok": true
    },
    {
      "year": 2023,
      "phase": "okänd",
      "round": "Grupp A",
      "team1": "Australien",
      "team2": "Sverige",
      "score1": 4,
      "score2": 1,
      "note": null,
      "raw": "Australien-Sverige 4-1",
      "parse_ok": true
    },
    {
      "year": 2023,
      "phase": "okänd",
      "round": "Grupp A",
      "team1": "Kanada",
      "team2": "Nepal",
      "score1": 5,
      "score2": 1,
      "note": null,
      "raw": "Kanada-Nepal 5-1",
      "parse_ok": true
    },
    {
      "year": 2023,
      "phase": "okänd",
      "round": "Grupp B",
      "team1": "Nordkorea",
      "team2": "Mali",
      "score1": 4,
      "score2": 1,
      "note": null,
      "raw": "Nordkorea-Mali 4-1",
      "parse_ok": true
    },
    {
      "year": 2023,
      "phase": "okänd",
      "round": "Grupp B",
      "team1": "Chile",
      "team2": "Nauru",
      "score1": 3,
      "score2": 2,
      "note": null,
      "raw": "Chile-Nauru 3-2",
      "parse_ok": true
    },
    {
      "year": 2023,
      "phase": "okänd",
      "round": "Grupp B",
      "team1": "Nordkorea",
      "team2": "Chile",
      "score1": 8,
      "score2": 2,
      "note": null,
      "raw": "Nordkorea-Chile 8-2",
      "parse_ok": true
    },
    {
      "year": 2023,
      "phase": "okänd",
      "round": "Grupp B",
      "team1": "Mali",
      "team2": "Indien",
      "score1": 3,
      "score2": 1,
      "note": null,
      "raw": "Mali-Indien 3-1",
      "parse_ok": true
    },
    {
      "year": 2023,
      "phase": "okänd",
      "round": "Grupp B",
      "team1": "Nordkorea",
      "team2": "Nauru",
      "score1": 4,
      "score2": 3,
      "note": null,
      "raw": "Nordkorea-Nauru 4-3",
      "parse_ok": true
    },
    {
      "year": 2023,
      "phase": "okänd",
      "round": "Grupp B",
      "team1": "Chile",
      "team2": "Indien",
      "score1": 5,
      "score2": 1,
      "note": null,
      "raw": "Chile-Indien 5-1",
      "parse_ok": true
    },
    {
      "year": 2023,
      "phase": "okänd",
      "round": "Grupp B",
      "team1": "Mali",
      "team2": "Nauru",
      "score1": 3,
      "score2": 3,
      "note": null,
      "raw": "Mali-Nauru 3-3",
      "parse_ok": true
    },
    {
      "year": 2023,
      "phase": "okänd",
      "round": "Grupp B",
      "team1": "Nordkorea",
      "team2": "Indien",
      "score1": 4,
      "score2": 0,
      "note": null,
      "raw": "Nordkorea-Indien 4-0",
      "parse_ok": true
    },
    {
      "year": 2023,
      "phase": "okänd",
      "round": "Grupp B",
      "team1": "Chile",
      "team2": "Mali",
      "score1": 4,
      "score2": 0,
      "note": null,
      "raw": "Chile-Mali 4-0",
      "parse_ok": true
    },
    {
      "year": 2023,
      "phase": "okänd",
      "round": "Grupp B",
      "team1": "Indien",
      "team2": "Nauru",
      "score1": 3,
      "score2": 0,
      "note": null,
      "raw": "Indien-Nauru 3-0",
      "parse_ok": true
    },
    {
      "year": 2023,
      "phase": "okänd",
      "round": "Grupp C",
      "team1": "Färöarna",
      "team2": "Iran",
      "score1": 3,
      "score2": 1,
      "note": null,
      "raw": "Färöarna-Iran 3-1",
      "parse_ok": true
    },
    {
      "year": 2023,
      "phase": "okänd",
      "round": "Grupp C",
      "team1": "Finland",
      "team2": "Övre Volta",
      "score1": 1,
      "score2": 0,
      "note": null,
      "raw": "Finland-Övre Volta 1-0",
      "parse_ok": true
    },
    {
      "year": 2023,
      "phase": "okänd",
      "round": "Grupp C",
      "team1": "Färöarna",
      "team2": "Finland",
      "score1": 3,
      "score2": 2,
      "note": null,
      "raw": "Färöarna-Finland 3-2",
      "parse_ok": true
    },
    {
      "year": 2023,
      "phase": "okänd",
      "round": "Grupp C",
      "team1": "Iran",
      "team2": "Italien",
      "score1": 6,
      "score2": 3,
      "note": null,
      "raw": "Iran-Italien 6-3",
      "parse_ok": true
    },
    {
      "year": 2023,
      "phase": "okänd",
      "round": "Grupp C",
      "team1": "Färöarna",
      "team2": "Övre Volta",
      "score1": 3,
      "score2": 0,
      "note": null,
      "raw": "Färöarna-Övre Volta 3-0",
      "parse_ok": true
    },
    {
      "year": 2023,
      "phase": "okänd",
      "round": "Grupp C",
      "team1": "Finland",
      "team2": "Italien",
      "score1": 5,
      "score2": 0,
      "note": null,
      "raw": "Finland-Italien 5-0",
      "parse_ok": true
    },
    {
      "year": 2023,
      "phase": "okänd",
      "round": "Grupp C",
      "team1": "Iran",
      "team2": "Övre Volta",
      "score1": 3,
      "score2": 0,
      "note": null,
      "raw": "Iran-Övre Volta 3-0",
      "parse_ok": true
    },
    {
      "year": 2023,
      "phase": "okänd",
      "round": "Grupp C",
      "team1": "Färöarna",
      "team2": "Italien",
      "score1": 6,
      "score2": 2,
      "note": null,
      "raw": "Färöarna-Italien 6-2",
      "parse_ok": true
    },
    {
      "year": 2023,
      "phase": "okänd",
      "round": "Grupp C",
      "team1": "Finland",
      "team2": "Iran",
      "score1": 4,
      "score2": 1,
      "note": null,
      "raw": "Finland-Iran 4-1",
      "parse_ok": true
    },
    {
      "year": 2023,
      "phase": "okänd",
      "round": "Grupp C",
      "team1": "Italien",
      "team2": "Övre Volta",
      "score1": 2,
      "score2": 0,
      "note": null,
      "raw": "Italien-Övre Volta 2-0",
      "parse_ok": true
    },
    {
      "year": 2023,
      "phase": "slutspel",
      "round": "Kvartsfinaler",
      "team1": "Jugoslavien",
      "team2": "Iran",
      "score1": 5,
      "score2": 1,
      "note": null,
      "raw": "Jugoslavien-Iran 5-1",
      "parse_ok": true
    },
    {
      "year": 2023,
      "phase": "slutspel",
      "round": "Kvartsfinaler",
      "team1": "Nordkorea",
      "team2": "Sverige",
      "score1": 1,
      "score2": 0,
      "note": "sd",
      "raw": "Nordkorea-Sverige 1-0 (sd)",
      "parse_ok": true
    },
    {
      "year": 2023,
      "phase": "slutspel",
      "round": "Kvartsfinaler",
      "team1": "Färöarna",
      "team2": "Chile",
      "score1": 5,
      "score2": 2,
      "note": null,
      "raw": "Färöarna-Chile 5-2",
      "parse_ok": true
    },
    {
      "year": 2023,
      "phase": "slutspel",
      "round": "Kvartsfinaler",
      "team1": "Australien",
      "team2": "Finland",
      "score1": 6,
      "score2": 2,
      "note": null,
      "raw": "Australien-Finland 6-2",
      "parse_ok": true
    },
    {
      "year": 2023,
      "phase": "slutspel",
      "round": "Semifinaler",
      "team1": "Jugoslavien",
      "team2": "Färöarna",
      "score1": 3,
      "score2": 1,
      "note": null,
      "raw": "Jugoslavien-Färöarna 3-1",
      "parse_ok": true
    },
    {
      "year": 2023,
      "phase": "slutspel",
      "round": "Semifinaler",
      "team1": "Australien",
      "team2": "Nordkorea",
      "score1": 3,
      "score2": 2,
      "note": null,
      "raw": "Australien-Nordkorea 3-2",
      "parse_ok": true
    },
    {
      "year": 2023,
      "phase": "slutspel",
      "round": "Bronsmatch",
      "team1": "Färöarna",
      "team2": "Nordkorea",
      "score1": 3,
      "score2": 4,
      "note": "sd",
      "raw": "Färöarna-Nordkorea 3-4 (sd)",
      "parse_ok": true
    },
    {
      "year": 2023,
      "phase": "final",
      "round": "Final",
      "team1": "Jugoslavien",
      "team2": "Australien",
      "score1": 2,
      "score2": 5,
      "note": null,
      "raw": "Jugoslavien-Australien 2-5",
      "parse_ok": true
    },
    {
      "year": 2022,
      "phase": "okänd",
      "round": "Grupp A",
      "team1": "Jugoslavien",
      "team2": "Tamil Eelam",
      "score1": 4,
      "score2": 1,
      "note": null,
      "raw": "Jugoslavien-Tamil Eelam 4-1",
      "parse_ok": true
    },
    {
      "year": 2022,
      "phase": "okänd",
      "round": "Grupp A",
      "team1": "Övre Volta",
      "team2": "Spanien",
      "score1": 1,
      "score2": 1,
      "note": null,
      "raw": "Övre Volta-Spanien 1-1",
      "parse_ok": true
    },
    {
      "year": 2022,
      "phase": "okänd",
      "round": "Grupp A",
      "team1": "Jugoslavien",
      "team2": "Övre Volta",
      "score1": 6,
      "score2": 0,
      "note": null,
      "raw": "Jugoslavien-Övre Volta 6-0",
      "parse_ok": true
    },
    {
      "year": 2022,
      "phase": "okänd",
      "round": "Grupp A",
      "team1": "Tamil Eelam",
      "team2": "Spanien",
      "score1": 3,
      "score2": 2,
      "note": null,
      "raw": "Tamil Eelam-Spanien 3-2",
      "parse_ok": true
    },
    {
      "year": 2022,
      "phase": "okänd",
      "round": "Grupp A",
      "team1": "Jugoslavien",
      "team2": "Spanien",
      "score1": 4,
      "score2": 2,
      "note": null,
      "raw": "Jugoslavien-Spanien 4-2",
      "parse_ok": true
    },
    {
      "year": 2022,
      "phase": "okänd",
      "round": "Grupp A",
      "team1": "Tamil Eelam",
      "team2": "Övre Volta",
      "score1": 4,
      "score2": 1,
      "note": null,
      "raw": "Tamil Eelam-Övre Volta 4-1",
      "parse_ok": true
    },
    {
      "year": 2022,
      "phase": "okänd",
      "round": "Grupp B",
      "team1": "Schweiz",
      "team2": "Albanien",
      "score1": 4,
      "score2": 1,
      "note": null,
      "raw": "Schweiz-Albanien 4-1",
      "parse_ok": true
    },
    {
      "year": 2022,
      "phase": "okänd",
      "round": "Grupp B",
      "team1": "Iran",
      "team2": "Cypern",
      "score1": 2,
      "score2": 1,
      "note": null,
      "raw": "Iran-Cypern 2-1",
      "parse_ok": true
    },
    {
      "year": 2022,
      "phase": "okänd",
      "round": "Grupp B",
      "team1": "Schweiz",
      "team2": "Iran",
      "score1": 6,
      "score2": 0,
      "note": null,
      "raw": "Schweiz-Iran 6-0",
      "parse_ok": true
    },
    {
      "year": 2022,
      "phase": "okänd",
      "round": "Grupp B",
      "team1": "Albanien",
      "team2": "Cypern",
      "score1": 2,
      "score2": 1,
      "note": null,
      "raw": "Albanien-Cypern 2-1",
      "parse_ok": true
    },
    {
      "year": 2022,
      "phase": "okänd",
      "round": "Grupp B",
      "team1": "Schweiz",
      "team2": "Cypern",
      "score1": 1,
      "score2": 3,
      "note": null,
      "raw": "Schweiz-Cypern 1-3",
      "parse_ok": true
    },
    {
      "year": 2022,
      "phase": "okänd",
      "round": "Grupp B",
      "team1": "Albanien",
      "team2": "Iran",
      "score1": 0,
      "score2": 3,
      "note": null,
      "raw": "Albanien-Iran 0-3",
      "parse_ok": true
    },
    {
      "year": 2022,
      "phase": "okänd",
      "round": "Grupp C",
      "team1": "Nordkorea",
      "team2": "Norge",
      "score1": 4,
      "score2": 0,
      "note": null,
      "raw": "Nordkorea-Norge 4-0",
      "parse_ok": true
    },
    {
      "year": 2022,
      "phase": "okänd",
      "round": "Grupp C",
      "team1": "Skottland",
      "team2": "Danmark",
      "score1": 1,
      "score2": 5,
      "note": null,
      "raw": "Skottland-Danmark 1-5",
      "parse_ok": true
    },
    {
      "year": 2022,
      "phase": "okänd",
      "round": "Grupp C",
      "team1": "Nordkorea",
      "team2": "Skottland",
      "score1": 4,
      "score2": 0,
      "note": null,
      "raw": "Nordkorea-Skottland 4-0",
      "parse_ok": true
    },
    {
      "year": 2022,
      "phase": "okänd",
      "round": "Grupp C",
      "team1": "Norge",
      "team2": "Danmark",
      "score1": 0,
      "score2": 2,
      "note": null,
      "raw": "Norge-Danmark 0-2",
      "parse_ok": true
    },
    {
      "year": 2022,
      "phase": "okänd",
      "round": "Grupp C",
      "team1": "Nordkorea",
      "team2": "Danmark",
      "score1": 4,
      "score2": 3,
      "note": null,
      "raw": "Nordkorea-Danmark 4-3",
      "parse_ok": true
    },
    {
      "year": 2022,
      "phase": "okänd",
      "round": "Grupp C",
      "team1": "Norge",
      "team2": "Skottland",
      "score1": 0,
      "score2": 2,
      "note": null,
      "raw": "Norge-Skottland 0-2",
      "parse_ok": true
    },
    {
      "year": 2022,
      "phase": "okänd",
      "round": "Grupp D",
      "team1": "Färöarna",
      "team2": "Chile",
      "score1": 4,
      "score2": 1,
      "note": null,
      "raw": "Färöarna-Chile 4-1",
      "parse_ok": true
    },
    {
      "year": 2022,
      "phase": "okänd",
      "round": "Grupp D",
      "team1": "Peru",
      "team2": "Tunisien",
      "score1": 3,
      "score2": 0,
      "note": null,
      "raw": "Peru-Tunisien 3-0",
      "parse_ok": true
    },
    {
      "year": 2022,
      "phase": "okänd",
      "round": "Grupp D",
      "team1": "Färöarna",
      "team2": "Peru",
      "score1": 5,
      "score2": 1,
      "note": null,
      "raw": "Färöarna-Peru 5-1",
      "parse_ok": true
    },
    {
      "year": 2022,
      "phase": "okänd",
      "round": "Grupp D",
      "team1": "Chile",
      "team2": "Tunisien",
      "score1": 6,
      "score2": 1,
      "note": null,
      "raw": "Chile-Tunisien 6-1",
      "parse_ok": true
    },
    {
      "year": 2022,
      "phase": "okänd",
      "round": "Grupp D",
      "team1": "Färöarna",
      "team2": "Tunisien",
      "score1": 4,
      "score2": 1,
      "note": null,
      "raw": "Färöarna-Tunisien 4-1",
      "parse_ok": true
    },
    {
      "year": 2022,
      "phase": "okänd",
      "round": "Grupp D",
      "team1": "Chile",
      "team2": "Peru",
      "score1": 4,
      "score2": 2,
      "note": null,
      "raw": "Chile-Peru 4-2",
      "parse_ok": true
    },
    {
      "year": 2022,
      "phase": "slutspel",
      "round": "Kvartsfinaler",
      "team1": "Jugoslavien",
      "team2": "Iran",
      "score1": 4,
      "score2": 3,
      "note": null,
      "raw": "Jugoslavien-Iran 4-3",
      "parse_ok": true
    },
    {
      "year": 2022,
      "phase": "slutspel",
      "round": "Kvartsfinaler",
      "team1": "Schweiz",
      "team2": "Tamil Eelam",
      "score1": 3,
      "score2": 1,
      "note": null,
      "raw": "Schweiz-Tamil Eelam 3-1",
      "parse_ok": true
    },
    {
      "year": 2022,
      "phase": "slutspel",
      "round": "Kvartsfinaler",
      "team1": "Nordkorea",
      "team2": "Chile",
      "score1": 4,
      "score2": 2,
      "note": null,
      "raw": "Nordkorea-Chile 4-2",
      "parse_ok": true
    },
    {
      "year": 2022,
      "phase": "slutspel",
      "round": "Kvartsfinaler",
      "team1": "Färöarna",
      "team2": "Danmark",
      "score1": 5,
      "score2": 1,
      "note": null,
      "raw": "Färöarna-Danmark 5-1",
      "parse_ok": true
    },
    {
      "year": 2022,
      "phase": "slutspel",
      "round": "Semifinaler",
      "team1": "Jugoslavien",
      "team2": "Nordkorea",
      "score1": 2,
      "score2": 3,
      "note": "sd",
      "raw": "Jugoslavien-Nordkorea 2-3 (sd)",
      "parse_ok": true
    },
    {
      "year": 2022,
      "phase": "slutspel",
      "round": "Semifinaler",
      "team1": "Schweiz",
      "team2": "Färöarna",
      "score1": 2,
      "score2": 6,
      "note": null,
      "raw": "Schweiz-Färöarna 2-6",
      "parse_ok": true
    },
    {
      "year": 2022,
      "phase": "slutspel",
      "round": "Bronsmatch",
      "team1": "Jugoslavien",
      "team2": "Schweiz",
      "score1": 2,
      "score2": 1,
      "note": "sd",
      "raw": "Jugoslavien-Schweiz 2-1 (sd)",
      "parse_ok": true
    },
    {
      "year": 2022,
      "phase": "final",
      "round": "Final",
      "team1": "Nordkorea",
      "team2": "Färöarna",
      "score1": 0,
      "score2": 3,
      "note": null,
      "raw": "Nordkorea-Färöarna 0-3",
      "parse_ok": true
    },
    {
      "year": 2021,
      "phase": "okänd",
      "round": "Grupp A",
      "team1": "Finland",
      "team2": "Nordkorea",
      "score1": 5,
      "score2": 1,
      "note": null,
      "raw": "Finland-Nordkorea 5-1",
      "parse_ok": true
    },
    {
      "year": 2021,
      "phase": "okänd",
      "round": "Grupp A",
      "team1": "Jugoslavien",
      "team2": "Kanada",
      "score1": 5,
      "score2": 2,
      "note": null,
      "raw": "Jugoslavien-Kanada 5-2",
      "parse_ok": true
    },
    {
      "year": 2021,
      "phase": "okänd",
      "round": "Grupp A",
      "team1": "Finland",
      "team2": "Jugoslavien",
      "score1": 4,
      "score2": 1,
      "note": null,
      "raw": "Finland-Jugoslavien 4-1",
      "parse_ok": true
    },
    {
      "year": 2021,
      "phase": "okänd",
      "round": "Grupp A",
      "team1": "Nordkorea",
      "team2": "Mexiko",
      "score1": 4,
      "score2": 1,
      "note": null,
      "raw": "Nordkorea-Mexiko 4-1",
      "parse_ok": true
    },
    {
      "year": 2021,
      "phase": "okänd",
      "round": "Grupp A",
      "team1": "Finland",
      "team2": "Kanada",
      "score1": 6,
      "score2": 2,
      "note": null,
      "raw": "Finland-Kanada 6-2",
      "parse_ok": true
    },
    {
      "year": 2021,
      "phase": "okänd",
      "round": "Grupp A",
      "team1": "Jugoslavien",
      "team2": "Mexiko",
      "score1": 6,
      "score2": 3,
      "note": null,
      "raw": "Jugoslavien-Mexiko 6-3",
      "parse_ok": true
    },
    {
      "year": 2021,
      "phase": "okänd",
      "round": "Grupp A",
      "team1": "Nordkorea",
      "team2": "Kanada",
      "score1": 3,
      "score2": 1,
      "note": null,
      "raw": "Nordkorea-Kanada 3-1",
      "parse_ok": true
    },
    {
      "year": 2021,
      "phase": "okänd",
      "round": "Grupp A",
      "team1": "Finland",
      "team2": "Mexiko",
      "score1": 4,
      "score2": 2,
      "note": null,
      "raw": "Finland-Mexiko 4-2",
      "parse_ok": true
    },
    {
      "year": 2021,
      "phase": "okänd",
      "round": "Grupp A",
      "team1": "Jugoslavien",
      "team2": "Nordkorea",
      "score1": 2,
      "score2": 0,
      "note": null,
      "raw": "Jugoslavien-Nordkorea 2-0",
      "parse_ok": true
    },
    {
      "year": 2021,
      "phase": "okänd",
      "round": "Grupp A",
      "team1": "Mexiko",
      "team2": "Kanada",
      "score1": 0,
      "score2": 2,
      "note": null,
      "raw": "Mexiko-Kanada 0-2",
      "parse_ok": true
    },
    {
      "year": 2021,
      "phase": "okänd",
      "round": "Grupp B",
      "team1": "Australien",
      "team2": "Sverige",
      "score1": 2,
      "score2": 3,
      "note": null,
      "raw": "Australien-Sverige 2-3",
      "parse_ok": true
    },
    {
      "year": 2021,
      "phase": "okänd",
      "round": "Grupp B",
      "team1": "Schweiz",
      "team2": "Nauru",
      "score1": 2,
      "score2": 2,
      "note": null,
      "raw": "Schweiz-Nauru 2-2",
      "parse_ok": true
    },
    {
      "year": 2021,
      "phase": "okänd",
      "round": "Grupp B",
      "team1": "Australien",
      "team2": "Schweiz",
      "score1": 2,
      "score2": 1,
      "note": null,
      "raw": "Australien-Schweiz 2-1",
      "parse_ok": true
    },
    {
      "year": 2021,
      "phase": "okänd",
      "round": "Grupp B",
      "team1": "Sverige",
      "team2": "Nauru",
      "score1": 3,
      "score2": 0,
      "note": null,
      "raw": "Sverige-Nauru 3-0",
      "parse_ok": true
    },
    {
      "year": 2021,
      "phase": "okänd",
      "round": "Grupp B",
      "team1": "Australien",
      "team2": "Nauru",
      "score1": 6,
      "score2": 1,
      "note": null,
      "raw": "Australien-Nauru 6-1",
      "parse_ok": true
    },
    {
      "year": 2021,
      "phase": "okänd",
      "round": "Grupp B",
      "team1": "Sverige",
      "team2": "Schweiz",
      "score1": 1,
      "score2": 3,
      "note": null,
      "raw": "Sverige-Schweiz 1-3",
      "parse_ok": true
    },
    {
      "year": 2021,
      "phase": "okänd",
      "round": "Grupp C",
      "team1": "Färöarna",
      "team2": "Iran",
      "score1": 7,
      "score2": 0,
      "note": null,
      "raw": "Färöarna-Iran 7-0",
      "parse_ok": true
    },
    {
      "year": 2021,
      "phase": "okänd",
      "round": "Grupp C",
      "team1": "Peru",
      "team2": "Mali",
      "score1": 0,
      "score2": 3,
      "note": null,
      "raw": "Peru-Mali 0-3",
      "parse_ok": true
    },
    {
      "year": 2021,
      "phase": "okänd",
      "round": "Grupp C",
      "team1": "Färöarna",
      "team2": "Peru",
      "score1": 8,
      "score2": 1,
      "note": null,
      "raw": "Färöarna-Peru 8-1",
      "parse_ok": true
    },
    {
      "year": 2021,
      "phase": "okänd",
      "round": "Grupp C",
      "team1": "Iran",
      "team2": "Mali",
      "score1": 3,
      "score2": 3,
      "note": null,
      "raw": "Iran-Mali 3-3",
      "parse_ok": true
    },
    {
      "year": 2021,
      "phase": "okänd",
      "round": "Grupp C",
      "team1": "Färöarna",
      "team2": "Mali",
      "score1": 5,
      "score2": 0,
      "note": null,
      "raw": "Färöarna-Mali 5-0",
      "parse_ok": true
    },
    {
      "year": 2021,
      "phase": "okänd",
      "round": "Grupp C",
      "team1": "Iran",
      "team2": "Peru",
      "score1": 1,
      "score2": 4,
      "note": null,
      "raw": "Iran-Peru 1-4",
      "parse_ok": true
    },
    {
      "year": 2021,
      "phase": "slutspel",
      "round": "Kvartsfinaler",
      "team1": "Finland",
      "team2": "Schweiz",
      "score1": 1,
      "score2": 2,
      "note": null,
      "raw": "Finland-Schweiz 1-2",
      "parse_ok": true
    },
    {
      "year": 2021,
      "phase": "slutspel",
      "round": "Kvartsfinaler",
      "team1": "Australien",
      "team2": "Nordkorea",
      "score1": 4,
      "score2": 2,
      "note": null,
      "raw": "Australien-Nordkorea 4-2",
      "parse_ok": true
    },
    {
      "year": 2021,
      "phase": "slutspel",
      "round": "Kvartsfinaler",
      "team1": "Färöarna",
      "team2": "Sverige",
      "score1": 5,
      "score2": 2,
      "note": null,
      "raw": "Färöarna-Sverige 5-2",
      "parse_ok": true
    },
    {
      "year": 2021,
      "phase": "slutspel",
      "round": "Kvartsfinaler",
      "team1": "Jugoslavien",
      "team2": "Mali",
      "score1": 5,
      "score2": 0,
      "note": null,
      "raw": "Jugoslavien-Mali 5-0",
      "parse_ok": true
    },
    {
      "year": 2021,
      "phase": "slutspel",
      "round": "Semifinaler",
      "team1": "Schweiz",
      "team2": "Färöarna",
      "score1": 1,
      "score2": 5,
      "note": null,
      "raw": "Schweiz-Färöarna 1-5",
      "parse_ok": true
    },
    {
      "year": 2021,
      "phase": "slutspel",
      "round": "Semifinaler",
      "team1": "Australien",
      "team2": "Jugoslavien",
      "score1": 1,
      "score2": 4,
      "note": null,
      "raw": "Australien-Jugoslavien 1-4",
      "parse_ok": true
    },
    {
      "year": 2021,
      "phase": "slutspel",
      "round": "Bronsmatch",
      "team1": "Schweiz",
      "team2": "Australien",
      "score1": 0,
      "score2": 4,
      "note": null,
      "raw": "Schweiz-Australien 0-4",
      "parse_ok": true
    },
    {
      "year": 2021,
      "phase": "final",
      "round": "Final",
      "team1": "Färöarna",
      "team2": "Jugoslavien",
      "score1": 3,
      "score2": 4,
      "note": "sd",
      "raw": "Färöarna-Jugoslavien 3-4 (sd)",
      "parse_ok": true
    },
    {
      "year": 2020,
      "phase": "okänd",
      "round": "Grupp A",
      "team1": "Finland",
      "team2": "Västtyskland",
      "score1": 3,
      "score2": 0,
      "note": null,
      "raw": "Finland-Västtyskland 3-0",
      "parse_ok": true
    },
    {
      "year": 2020,
      "phase": "okänd",
      "round": "Grupp A",
      "team1": "Nordkorea",
      "team2": "USA",
      "score1": 1,
      "score2": 3,
      "note": null,
      "raw": "Nordkorea-USA 1-3",
      "parse_ok": true
    },
    {
      "year": 2020,
      "phase": "okänd",
      "round": "Grupp A",
      "team1": "Finland",
      "team2": "Nordkorea",
      "score1": 7,
      "score2": 1,
      "note": null,
      "raw": "Finland-Nordkorea 7-1",
      "parse_ok": true
    },
    {
      "year": 2020,
      "phase": "okänd",
      "round": "Grupp A",
      "team1": "Västtyskland",
      "team2": "Tamil Eelam",
      "score1": 0,
      "score2": 1,
      "note": null,
      "raw": "Västtyskland-Tamil Eelam 0-1",
      "parse_ok": true
    },
    {
      "year": 2020,
      "phase": "okänd",
      "round": "Grupp A",
      "team1": "Finland",
      "team2": "USA",
      "score1": 2,
      "score2": 0,
      "note": null,
      "raw": "Finland-USA 2-0",
      "parse_ok": true
    },
    {
      "year": 2020,
      "phase": "okänd",
      "round": "Grupp A",
      "team1": "Nordkorea",
      "team2": "Tamil Eelam",
      "score1": 1,
      "score2": 1,
      "note": null,
      "raw": "Nordkorea-Tamil Eelam 1-1",
      "parse_ok": true
    },
    {
      "year": 2020,
      "phase": "okänd",
      "round": "Grupp A",
      "team1": "Finland",
      "team2": "Tamil Eelam",
      "score1": 1,
      "score2": 1,
      "note": null,
      "raw": "Finland-Tamil Eelam 1-1",
      "parse_ok": true
    },
    {
      "year": 2020,
      "phase": "okänd",
      "round": "Grupp A",
      "team1": "Västtyskland",
      "team2": "USA",
      "score1": 2,
      "score2": 0,
      "note": null,
      "raw": "Västtyskland-USA 2-0",
      "parse_ok": true
    },
    {
      "year": 2020,
      "phase": "okänd",
      "round": "Grupp A",
      "team1": "Nordkorea",
      "team2": "Västtyskland",
      "score1": 2,
      "score2": 1,
      "note": null,
      "raw": "Nordkorea-Västtyskland 2-1",
      "parse_ok": true
    },
    {
      "year": 2020,
      "phase": "okänd",
      "round": "Grupp A",
      "team1": "Tamil Eelam",
      "team2": "USA",
      "score1": 3,
      "score2": 1,
      "note": null,
      "raw": "Tamil Eelam-USA 3-1",
      "parse_ok": true
    },
    {
      "year": 2020,
      "phase": "okänd",
      "round": "Grupp B",
      "team1": "Chile",
      "team2": "Nauru",
      "score1": 2,
      "score2": 2,
      "note": null,
      "raw": "Chile-Nauru 2-2",
      "parse_ok": true
    },
    {
      "year": 2020,
      "phase": "okänd",
      "round": "Grupp B",
      "team1": "Norge",
      "team2": "Peru",
      "score1": 2,
      "score2": 2,
      "note": null,
      "raw": "Norge-Peru 2-2",
      "parse_ok": true
    },
    {
      "year": 2020,
      "phase": "okänd",
      "round": "Grupp B",
      "team1": "Chile",
      "team2": "Norge",
      "score1": 6,
      "score2": 0,
      "note": null,
      "raw": "Chile-Norge 6-0",
      "parse_ok": true
    },
    {
      "year": 2020,
      "phase": "okänd",
      "round": "Grupp B",
      "team1": "Nauru",
      "team2": "Australien",
      "score1": 3,
      "score2": 3,
      "note": null,
      "raw": "Nauru-Australien 3-3",
      "parse_ok": true
    },
    {
      "year": 2020,
      "phase": "okänd",
      "round": "Grupp B",
      "team1": "Chile",
      "team2": "Peru",
      "score1": 2,
      "score2": 0,
      "note": null,
      "raw": "Chile-Peru 2-0",
      "parse_ok": true
    },
    {
      "year": 2020,
      "phase": "okänd",
      "round": "Grupp B",
      "team1": "Norge",
      "team2": "Australien",
      "score1": 1,
      "score2": 3,
      "note": null,
      "raw": "Norge-Australien 1-3",
      "parse_ok": true
    },
    {
      "year": 2020,
      "phase": "okänd",
      "round": "Grupp B",
      "team1": "Nauru",
      "team2": "Peru",
      "score1": 0,
      "score2": 5,
      "note": null,
      "raw": "Nauru-Peru 0-5",
      "parse_ok": true
    },
    {
      "year": 2020,
      "phase": "okänd",
      "round": "Grupp B",
      "team1": "Chile",
      "team2": "Australien",
      "score1": 1,
      "score2": 2,
      "note": null,
      "raw": "Chile-Australien 1-2",
      "parse_ok": true
    },
    {
      "year": 2020,
      "phase": "okänd",
      "round": "Grupp B",
      "team1": "Australien",
      "team2": "Peru",
      "score1": 5,
      "score2": 0,
      "note": null,
      "raw": "Australien-Peru 5-0",
      "parse_ok": true
    },
    {
      "year": 2020,
      "phase": "okänd",
      "round": "Grupp B",
      "team1": "Norge",
      "team2": "Nauru",
      "score1": 1,
      "score2": 0,
      "note": null,
      "raw": "Norge-Nauru 1-0",
      "parse_ok": true
    },
    {
      "year": 2020,
      "phase": "okänd",
      "round": "Grupp C",
      "team1": "Jugoslavien",
      "team2": "Schweiz",
      "score1": 6,
      "score2": 1,
      "note": null,
      "raw": "Jugoslavien-Schweiz 6-1",
      "parse_ok": true
    },
    {
      "year": 2020,
      "phase": "okänd",
      "round": "Grupp C",
      "team1": "Italien",
      "team2": "England",
      "score1": 0,
      "score2": 2,
      "note": null,
      "raw": "Italien-England 0-2",
      "parse_ok": true
    },
    {
      "year": 2020,
      "phase": "okänd",
      "round": "Grupp C",
      "team1": "Jugoslavien",
      "team2": "Italien",
      "score1": 6,
      "score2": 0,
      "note": null,
      "raw": "Jugoslavien-Italien 6-0",
      "parse_ok": true
    },
    {
      "year": 2020,
      "phase": "okänd",
      "round": "Grupp C",
      "team1": "Schweiz",
      "team2": "England",
      "score1": 4,
      "score2": 1,
      "note": null,
      "raw": "Schweiz-England 4-1",
      "parse_ok": true
    },
    {
      "year": 2020,
      "phase": "okänd",
      "round": "Grupp C",
      "team1": "Jugoslavien",
      "team2": "England",
      "score1": 5,
      "score2": 0,
      "note": null,
      "raw": "Jugoslavien-England 5-0",
      "parse_ok": true
    },
    {
      "year": 2020,
      "phase": "okänd",
      "round": "Grupp C",
      "team1": "Schweiz",
      "team2": "Italien",
      "score1": 4,
      "score2": 0,
      "note": null,
      "raw": "Schweiz-Italien 4-0",
      "parse_ok": true
    },
    {
      "year": 2020,
      "phase": "okänd",
      "round": "Grupp D",
      "team1": "Färöarna",
      "team2": "Polen",
      "score1": 6,
      "score2": 1,
      "note": null,
      "raw": "Färöarna-Polen 6-1",
      "parse_ok": true
    },
    {
      "year": 2020,
      "phase": "okänd",
      "round": "Grupp D",
      "team1": "Indien",
      "team2": "Iran",
      "score1": 3,
      "score2": 4,
      "note": null,
      "raw": "Indien-Iran 3-4",
      "parse_ok": true
    },
    {
      "year": 2020,
      "phase": "okänd",
      "round": "Grupp D",
      "team1": "Färöarna",
      "team2": "Indien",
      "score1": 5,
      "score2": 1,
      "note": null,
      "raw": "Färöarna-Indien 5-1",
      "parse_ok": true
    },
    {
      "year": 2020,
      "phase": "okänd",
      "round": "Grupp D",
      "team1": "Polen",
      "team2": "Iran",
      "score1": 0,
      "score2": 2,
      "note": null,
      "raw": "Polen-Iran 0-2",
      "parse_ok": true
    },
    {
      "year": 2020,
      "phase": "okänd",
      "round": "Grupp D",
      "team1": "Färöarna",
      "team2": "Iran",
      "score1": 5,
      "score2": 1,
      "note": null,
      "raw": "Färöarna-Iran 5-1",
      "parse_ok": true
    },
    {
      "year": 2020,
      "phase": "okänd",
      "round": "Grupp D",
      "team1": "Polen",
      "team2": "Indien",
      "score1": 1,
      "score2": 2,
      "note": null,
      "raw": "Polen-Indien 1-2",
      "parse_ok": true
    },
    {
      "year": 2020,
      "phase": "gruppspel",
      "round": "Grupp 1",
      "team1": "Finland",
      "team2": "England",
      "score1": 5,
      "score2": 1,
      "note": null,
      "raw": "Finland-England 5-1",
      "parse_ok": true
    },
    {
      "year": 2020,
      "phase": "gruppspel",
      "round": "Grupp 1",
      "team1": "Finland",
      "team2": "Chile",
      "score1": 2,
      "score2": 2,
      "note": null,
      "raw": "Finland-Chile 2-2",
      "parse_ok": true
    },
    {
      "year": 2020,
      "phase": "gruppspel",
      "round": "Grupp 1",
      "team1": "Chile",
      "team2": "England",
      "score1": 2,
      "score2": 1,
      "note": null,
      "raw": "Chile-England 2-1",
      "parse_ok": true
    },
    {
      "year": 2020,
      "phase": "gruppspel",
      "round": "Grupp 2",
      "team1": "Australien",
      "team2": "Indien",
      "score1": 2,
      "score2": 0,
      "note": null,
      "raw": "Australien-Indien 2-0",
      "parse_ok": true
    },
    {
      "year": 2020,
      "phase": "gruppspel",
      "round": "Grupp 2",
      "team1": "Schweiz",
      "team2": "Indien",
      "score1": 3,
      "score2": 2,
      "note": null,
      "raw": "Schweiz-Indien 3-2",
      "parse_ok": true
    },
    {
      "year": 2020,
      "phase": "gruppspel",
      "round": "Grupp 2",
      "team1": "Australien",
      "team2": "Schweiz",
      "score1": 3,
      "score2": 2,
      "note": null,
      "raw": "Australien-Schweiz 3-2",
      "parse_ok": true
    },
    {
      "year": 2020,
      "phase": "gruppspel",
      "round": "Grupp 3",
      "team1": "Jugoslavien",
      "team2": "Iran",
      "score1": 0,
      "score2": 0,
      "note": null,
      "raw": "Jugoslavien-Iran 0-0",
      "parse_ok": true
    },
    {
      "year": 2020,
      "phase": "gruppspel",
      "round": "Grupp 3",
      "team1": "Nordkorea",
      "team2": "Iran",
      "score1": 0,
      "score2": 3,
      "note": null,
      "raw": "Nordkorea-Iran 0-3",
      "parse_ok": true
    },
    {
      "year": 2020,
      "phase": "gruppspel",
      "round": "Grupp 3",
      "team1": "Jugoslavien",
      "team2": "Nordkorea",
      "score1": 2,
      "score2": 6,
      "note": null,
      "raw": "Jugoslavien-Nordkorea 2-6",
      "parse_ok": true
    },
    {
      "year": 2020,
      "phase": "gruppspel",
      "round": "Grupp 4",
      "team1": "Färöarna",
      "team2": "Tamil Eelam",
      "score1": 4,
      "score2": 1,
      "note": null,
      "raw": "Färöarna-Tamil Eelam 4-1",
      "parse_ok": true
    },
    {
      "year": 2020,
      "phase": "gruppspel",
      "round": "Grupp 4",
      "team1": "Peru",
      "team2": "Tamil Eelam",
      "score1": 1,
      "score2": 2,
      "note": null,
      "raw": "Peru-Tamil Eelam 1-2",
      "parse_ok": true
    },
    {
      "year": 2020,
      "phase": "gruppspel",
      "round": "Grupp 4",
      "team1": "Färöarna",
      "team2": "Peru",
      "score1": 5,
      "score2": 1,
      "note": null,
      "raw": "Färöarna-Peru 5-1",
      "parse_ok": true
    },
    {
      "year": 2020,
      "phase": "slutspel",
      "round": "Semifinaler",
      "team1": "Finland",
      "team2": "Iran",
      "score1": 10,
      "score2": 2,
      "note": null,
      "raw": "Finland-Iran 10-2",
      "parse_ok": true
    },
    {
      "year": 2020,
      "phase": "slutspel",
      "round": "Semifinaler",
      "team1": "Australien",
      "team2": "Färöarna",
      "score1": 4,
      "score2": 3,
      "note": null,
      "raw": "Australien-Färöarna 4-3",
      "parse_ok": true
    },
    {
      "year": 2020,
      "phase": "slutspel",
      "round": "Bronsmatch",
      "team1": "Färöarna",
      "team2": "Iran",
      "score1": 8,
      "score2": 2,
      "note": null,
      "raw": "Färöarna-Iran 8-2",
      "parse_ok": true
    },
    {
      "year": 2020,
      "phase": "final",
      "round": "Final",
      "team1": "Finland",
      "team2": "Australien",
      "score1": 5,
      "score2": 2,
      "note": null,
      "raw": "Finland-Australien 5-2",
      "parse_ok": true
    },
    {
      "year": 2019,
      "phase": "okänd",
      "round": "Grupp A",
      "team1": "Finland",
      "team2": "Chile",
      "score1": 4,
      "score2": 0,
      "note": null,
      "raw": "Finland-Chile 4-0",
      "parse_ok": true
    },
    {
      "year": 2019,
      "phase": "okänd",
      "round": "Grupp A",
      "team1": "Mali",
      "team2": "Japan",
      "score1": 3,
      "score2": 2,
      "note": null,
      "raw": "Mali-Japan 3-2",
      "parse_ok": true
    },
    {
      "year": 2019,
      "phase": "okänd",
      "round": "Grupp A",
      "team1": "Finland",
      "team2": "Mali",
      "score1": 6,
      "score2": 0,
      "note": null,
      "raw": "Finland-Mali 6-0",
      "parse_ok": true
    },
    {
      "year": 2019,
      "phase": "okänd",
      "round": "Grupp A",
      "team1": "Chile",
      "team2": "Japan",
      "score1": 4,
      "score2": 1,
      "note": null,
      "raw": "Chile-Japan 4-1",
      "parse_ok": true
    },
    {
      "year": 2019,
      "phase": "okänd",
      "round": "Grupp A",
      "team1": "Finland",
      "team2": "Japan",
      "score1": 5,
      "score2": 0,
      "note": null,
      "raw": "Finland-Japan 5-0",
      "parse_ok": true
    },
    {
      "year": 2019,
      "phase": "okänd",
      "round": "Grupp A",
      "team1": "Chile",
      "team2": "Mali",
      "score1": 3,
      "score2": 0,
      "note": null,
      "raw": "Chile-Mali 3-0",
      "parse_ok": true
    },
    {
      "year": 2019,
      "phase": "okänd",
      "round": "Grupp B",
      "team1": "Nordkorea",
      "team2": "Italien",
      "score1": 6,
      "score2": 0,
      "note": null,
      "raw": "Nordkorea-Italien 6-0",
      "parse_ok": true
    },
    {
      "year": 2019,
      "phase": "okänd",
      "round": "Grupp B",
      "team1": "Albanien",
      "team2": "Skottland",
      "score1": 2,
      "score2": 1,
      "note": null,
      "raw": "Albanien-Skottland 2-1",
      "parse_ok": true
    },
    {
      "year": 2019,
      "phase": "okänd",
      "round": "Grupp B",
      "team1": "Nordkorea",
      "team2": "Albanien",
      "score1": 3,
      "score2": 4,
      "note": null,
      "raw": "Nordkorea-Albanien 3-4",
      "parse_ok": true
    },
    {
      "year": 2019,
      "phase": "okänd",
      "round": "Grupp B",
      "team1": "Italien",
      "team2": "Skottland",
      "score1": 1,
      "score2": 2,
      "note": null,
      "raw": "Italien-Skottland 1-2",
      "parse_ok": true
    },
    {
      "year": 2019,
      "phase": "okänd",
      "round": "Grupp B",
      "team1": "Nordkorea",
      "team2": "Skottland",
      "score1": 7,
      "score2": 0,
      "note": null,
      "raw": "Nordkorea-Skottland 7-0",
      "parse_ok": true
    },
    {
      "year": 2019,
      "phase": "okänd",
      "round": "Grupp B",
      "team1": "Italien",
      "team2": "Albanien",
      "score1": 3,
      "score2": 3,
      "note": null,
      "raw": "Italien-Albanien 3-3",
      "parse_ok": true
    },
    {
      "year": 2019,
      "phase": "okänd",
      "round": "Grupp C",
      "team1": "Jugoslavien",
      "team2": "Sverige",
      "score1": 2,
      "score2": 2,
      "note": null,
      "raw": "Jugoslavien-Sverige 2-2",
      "parse_ok": true
    },
    {
      "year": 2019,
      "phase": "okänd",
      "round": "Grupp C",
      "team1": "Norge",
      "team2": "Nauru",
      "score1": 2,
      "score2": 1,
      "note": null,
      "raw": "Norge-Nauru 2-1",
      "parse_ok": true
    },
    {
      "year": 2019,
      "phase": "okänd",
      "round": "Grupp C",
      "team1": "Jugoslavien",
      "team2": "Norge",
      "score1": 2,
      "score2": 1,
      "note": null,
      "raw": "Jugoslavien-Norge 2-1",
      "parse_ok": true
    },
    {
      "year": 2019,
      "phase": "okänd",
      "round": "Grupp C",
      "team1": "Sverige",
      "team2": "Nauru",
      "score1": 6,
      "score2": 0,
      "note": null,
      "raw": "Sverige-Nauru 6-0",
      "parse_ok": true
    },
    {
      "year": 2019,
      "phase": "okänd",
      "round": "Grupp C",
      "team1": "Jugoslavien",
      "team2": "Nauru",
      "score1": 5,
      "score2": 0,
      "note": null,
      "raw": "Jugoslavien-Nauru 5-0",
      "parse_ok": true
    },
    {
      "year": 2019,
      "phase": "okänd",
      "round": "Grupp C",
      "team1": "Sverige",
      "team2": "Norge",
      "score1": 4,
      "score2": 3,
      "note": null,
      "raw": "Sverige-Norge 4-3",
      "parse_ok": true
    },
    {
      "year": 2019,
      "phase": "okänd",
      "round": "Grupp D",
      "team1": "Färöarna",
      "team2": "Schweiz",
      "score1": 6,
      "score2": 0,
      "note": null,
      "raw": "Färöarna-Schweiz 6-0",
      "parse_ok": true
    },
    {
      "year": 2019,
      "phase": "okänd",
      "round": "Grupp D",
      "team1": "Östtyskland",
      "team2": "Indien",
      "score1": 1,
      "score2": 2,
      "note": null,
      "raw": "Östtyskland-Indien 1-2",
      "parse_ok": true
    },
    {
      "year": 2019,
      "phase": "okänd",
      "round": "Grupp D",
      "team1": "Färöarna",
      "team2": "Östtyskland",
      "score1": 4,
      "score2": 1,
      "note": null,
      "raw": "Färöarna-Östtyskland 4-1",
      "parse_ok": true
    },
    {
      "year": 2019,
      "phase": "okänd",
      "round": "Grupp D",
      "team1": "Schweiz",
      "team2": "Indien",
      "score1": 5,
      "score2": 0,
      "note": null,
      "raw": "Schweiz-Indien 5-0",
      "parse_ok": true
    },
    {
      "year": 2019,
      "phase": "okänd",
      "round": "Grupp D",
      "team1": "Färöarna",
      "team2": "Indien",
      "score1": 11,
      "score2": 0,
      "note": null,
      "raw": "Färöarna-Indien 11-0",
      "parse_ok": true
    },
    {
      "year": 2019,
      "phase": "okänd",
      "round": "Grupp D",
      "team1": "Schweiz",
      "team2": "Östtyskland",
      "score1": 1,
      "score2": 0,
      "note": null,
      "raw": "Schweiz-Östtyskland 1-0",
      "parse_ok": true
    },
    {
      "year": 2019,
      "phase": "slutspel",
      "round": "Kvartsfinaler",
      "team1": "Finland",
      "team2": "Nordkorea",
      "score1": 4,
      "score2": 1,
      "note": null,
      "raw": "Finland-Nordkorea 4-1",
      "parse_ok": true
    },
    {
      "year": 2019,
      "phase": "slutspel",
      "round": "Kvartsfinaler",
      "team1": "Chile",
      "team2": "Albanien",
      "score1": 3,
      "score2": 1,
      "note": null,
      "raw": "Chile-Albanien 3-1",
      "parse_ok": true
    },
    {
      "year": 2019,
      "phase": "slutspel",
      "round": "Kvartsfinaler",
      "team1": "Sverige",
      "team2": "Schweiz",
      "score1": 6,
      "score2": 1,
      "note": null,
      "raw": "Sverige-Schweiz 6-1",
      "parse_ok": true
    },
    {
      "year": 2019,
      "phase": "slutspel",
      "round": "Kvartsfinaler",
      "team1": "Färöarna",
      "team2": "Jugoslavien",
      "score1": 4,
      "score2": 3,
      "note": "sd",
      "raw": "Färöarna-Jugoslavien 4-3 (sd)",
      "parse_ok": true
    },
    {
      "year": 2019,
      "phase": "slutspel",
      "round": "Semifinaler",
      "team1": "Finland",
      "team2": "Sverige",
      "score1": 1,
      "score2": 2,
      "note": null,
      "raw": "Finland-Sverige 1-2",
      "parse_ok": true
    },
    {
      "year": 2019,
      "phase": "slutspel",
      "round": "Semifinaler",
      "team1": "Chile",
      "team2": "Färöarna",
      "score1": 2,
      "score2": 4,
      "note": null,
      "raw": "Chile-Färöarna 2-4",
      "parse_ok": true
    },
    {
      "year": 2019,
      "phase": "slutspel",
      "round": "Bronsmatch",
      "team1": "Finland",
      "team2": "Chile",
      "score1": 7,
      "score2": 0,
      "note": null,
      "raw": "Finland-Chile 7-0",
      "parse_ok": true
    },
    {
      "year": 2019,
      "phase": "final",
      "round": "Final",
      "team1": "Sverige",
      "team2": "Färöarna",
      "score1": 2,
      "score2": 3,
      "note": null,
      "raw": "Sverige-Färöarna 2-3",
      "parse_ok": true
    },
    {
      "year": 2018,
      "phase": "okänd",
      "round": "Grupp A",
      "team1": "Finland",
      "team2": "Jugoslavien",
      "score1": 2,
      "score2": 3,
      "note": null,
      "raw": "Finland-Jugoslavien 2-3",
      "parse_ok": true
    },
    {
      "year": 2018,
      "phase": "okänd",
      "round": "Grupp A",
      "team1": "Chile",
      "team2": "Kanada",
      "score1": 2,
      "score2": 2,
      "note": null,
      "raw": "Chile-Kanada 2-2",
      "parse_ok": true
    },
    {
      "year": 2018,
      "phase": "okänd",
      "round": "Grupp A",
      "team1": "Finland",
      "team2": "Mali",
      "score1": 6,
      "score2": 2,
      "note": null,
      "raw": "Finland-Mali 6-2",
      "parse_ok": true
    },
    {
      "year": 2018,
      "phase": "okänd",
      "round": "Grupp A",
      "team1": "Jugoslavien",
      "team2": "Kanada",
      "score1": 1,
      "score2": 0,
      "note": null,
      "raw": "Jugoslavien-Kanada 1-0",
      "parse_ok": true
    },
    {
      "year": 2018,
      "phase": "okänd",
      "round": "Grupp A",
      "team1": "Chile",
      "team2": "Jugoslavien",
      "score1": 4,
      "score2": 5,
      "note": null,
      "raw": "Chile-Jugoslavien 4-5",
      "parse_ok": true
    },
    {
      "year": 2018,
      "phase": "okänd",
      "round": "Grupp A",
      "team1": "Jugoslavien",
      "team2": "Mali",
      "score1": 1,
      "score2": 0,
      "note": null,
      "raw": "Jugoslavien-Mali 1-0",
      "parse_ok": true
    },
    {
      "year": 2018,
      "phase": "okänd",
      "round": "Grupp A",
      "team1": "Finland",
      "team2": "Chile",
      "score1": 5,
      "score2": 3,
      "note": null,
      "raw": "Finland-Chile 5-3",
      "parse_ok": true
    },
    {
      "year": 2018,
      "phase": "okänd",
      "round": "Grupp A",
      "team1": "Kanada",
      "team2": "Mali",
      "score1": 1,
      "score2": 1,
      "note": null,
      "raw": "Kanada-Mali 1-1",
      "parse_ok": true
    },
    {
      "year": 2018,
      "phase": "okänd",
      "round": "Grupp A",
      "team1": "Mali",
      "team2": "Chile",
      "score1": 2,
      "score2": 3,
      "note": null,
      "raw": "Mali-Chile 2-3",
      "parse_ok": true
    },
    {
      "year": 2018,
      "phase": "okänd",
      "round": "Grupp A",
      "team1": "Kanada",
      "team2": "Finland",
      "score1": 1,
      "score2": 4,
      "note": null,
      "raw": "Kanada-Finland 1-4",
      "parse_ok": true
    },
    {
      "year": 2018,
      "phase": "okänd",
      "round": "Grupp B",
      "team1": "Färöarna",
      "team2": "Albanien",
      "score1": 4,
      "score2": 0,
      "note": null,
      "raw": "Färöarna-Albanien 4-0",
      "parse_ok": true
    },
    {
      "year": 2018,
      "phase": "okänd",
      "round": "Grupp B",
      "team1": "Schweiz",
      "team2": "Italien",
      "score1": 1,
      "score2": 1,
      "note": null,
      "raw": "Schweiz-Italien 1-1",
      "parse_ok": true
    },
    {
      "year": 2018,
      "phase": "okänd",
      "round": "Grupp B",
      "team1": "Färöarna",
      "team2": "Japan",
      "score1": 5,
      "score2": 0,
      "note": null,
      "raw": "Färöarna-Japan 5-0",
      "parse_ok": true
    },
    {
      "year": 2018,
      "phase": "okänd",
      "round": "Grupp B",
      "team1": "Albanien",
      "team2": "Italien",
      "score1": 3,
      "score2": 4,
      "note": null,
      "raw": "Albanien-Italien 3-4",
      "parse_ok": true
    },
    {
      "year": 2018,
      "phase": "okänd",
      "round": "Grupp B",
      "team1": "Schweiz",
      "team2": "Albanien",
      "score1": 1,
      "score2": 0,
      "note": null,
      "raw": "Schweiz-Albanien 1-0",
      "parse_ok": true
    },
    {
      "year": 2018,
      "phase": "okänd",
      "round": "Grupp B",
      "team1": "Albanien",
      "team2": "Japan",
      "score1": 4,
      "score2": 1,
      "note": null,
      "raw": "Albanien-Japan 4-1",
      "parse_ok": true
    },
    {
      "year": 2018,
      "phase": "okänd",
      "round": "Grupp B",
      "team1": "Färöarna",
      "team2": "Schweiz",
      "score1": 3,
      "score2": 0,
      "note": null,
      "raw": "Färöarna-Schweiz 3-0",
      "parse_ok": true
    },
    {
      "year": 2018,
      "phase": "okänd",
      "round": "Grupp B",
      "team1": "Italien",
      "team2": "Japan",
      "score1": 5,
      "score2": 0,
      "note": null,
      "raw": "Italien-Japan 5-0",
      "parse_ok": true
    },
    {
      "year": 2018,
      "phase": "okänd",
      "round": "Grupp B",
      "team1": "Japan",
      "team2": "Schweiz",
      "score1": 1,
      "score2": 5,
      "note": null,
      "raw": "Japan-Schweiz 1-5",
      "parse_ok": true
    },
    {
      "year": 2018,
      "phase": "okänd",
      "round": "Grupp B",
      "team1": "Italien",
      "team2": "Färöarna",
      "score1": 0,
      "score2": 5,
      "note": null,
      "raw": "Italien-Färöarna 0-5",
      "parse_ok": true
    },
    {
      "year": 2018,
      "phase": "okänd",
      "round": "Grupp C",
      "team1": "Sverige",
      "team2": "Nordkorea",
      "score1": 3,
      "score2": 3,
      "note": null,
      "raw": "Sverige-Nordkorea 3-3",
      "parse_ok": true
    },
    {
      "year": 2018,
      "phase": "okänd",
      "round": "Grupp C",
      "team1": "Norge",
      "team2": "Nauru",
      "score1": 1,
      "score2": 2,
      "note": null,
      "raw": "Norge-Nauru 1-2",
      "parse_ok": true
    },
    {
      "year": 2018,
      "phase": "okänd",
      "round": "Grupp C",
      "team1": "Sverige",
      "team2": "Sovjetunionen",
      "score1": 2,
      "score2": 3,
      "note": null,
      "raw": "Sverige-Sovjetunionen 2-3",
      "parse_ok": true
    },
    {
      "year": 2018,
      "phase": "okänd",
      "round": "Grupp C",
      "team1": "Nordkorea",
      "team2": "Nauru",
      "score1": 4,
      "score2": 2,
      "note": null,
      "raw": "Nordkorea-Nauru 4-2",
      "parse_ok": true
    },
    {
      "year": 2018,
      "phase": "okänd",
      "round": "Grupp C",
      "team1": "Norge",
      "team2": "Nordkorea",
      "score1": 1,
      "score2": 2,
      "note": null,
      "raw": "Norge-Nordkorea 1-2",
      "parse_ok": true
    },
    {
      "year": 2018,
      "phase": "okänd",
      "round": "Grupp C",
      "team1": "Nordkorea",
      "team2": "Sovjetunionen",
      "score1": 4,
      "score2": 0,
      "note": null,
      "raw": "Nordkorea-Sovjetunionen 4-0",
      "parse_ok": true
    },
    {
      "year": 2018,
      "phase": "okänd",
      "round": "Grupp C",
      "team1": "Sverige",
      "team2": "Norge",
      "score1": 5,
      "score2": 3,
      "note": null,
      "raw": "Sverige-Norge 5-3",
      "parse_ok": true
    },
    {
      "year": 2018,
      "phase": "okänd",
      "round": "Grupp C",
      "team1": "Nauru",
      "team2": "Sovjetunionen",
      "score1": 2,
      "score2": 6,
      "note": null,
      "raw": "Nauru-Sovjetunionen 2-6",
      "parse_ok": true
    },
    {
      "year": 2018,
      "phase": "okänd",
      "round": "Grupp C",
      "team1": "Sovjetunionen",
      "team2": "Norge",
      "score1": 0,
      "score2": 1,
      "note": null,
      "raw": "Sovjetunionen-Norge 0-1",
      "parse_ok": true
    },
    {
      "year": 2018,
      "phase": "okänd",
      "round": "Grupp C",
      "team1": "Nauru",
      "team2": "Sverige",
      "score1": 0,
      "score2": 2,
      "note": null,
      "raw": "Nauru-Sverige 0-2",
      "parse_ok": true
    },
    {
      "year": 2018,
      "phase": "slutspel",
      "round": "Kvartsfinaler",
      "team1": "Jugoslavien",
      "team2": "Italien",
      "score1": 4,
      "score2": 0,
      "note": null,
      "raw": "Jugoslavien-Italien 4-0",
      "parse_ok": true
    },
    {
      "year": 2018,
      "phase": "slutspel",
      "round": "Kvartsfinaler",
      "team1": "Färöarna",
      "team2": "Sovjetunionen",
      "score1": 5,
      "score2": 0,
      "note": null,
      "raw": "Färöarna-Sovjetunionen 5-0",
      "parse_ok": true
    },
    {
      "year": 2018,
      "phase": "slutspel",
      "round": "Kvartsfinaler",
      "team1": "Schweiz",
      "team2": "Nordkorea",
      "score1": 1,
      "score2": 3,
      "note": null,
      "raw": "Schweiz-Nordkorea 1-3",
      "parse_ok": true
    },
    {
      "year": 2018,
      "phase": "slutspel",
      "round": "Kvartsfinaler",
      "team1": "Sverige",
      "team2": "Finland",
      "score1": 3,
      "score2": 5,
      "note": null,
      "raw": "Sverige-Finland 3-5",
      "parse_ok": true
    },
    {
      "year": 2018,
      "phase": "slutspel",
      "round": "Semifinaler",
      "team1": "Jugoslavien",
      "team2": "Nordkorea",
      "score1": 3,
      "score2": 2,
      "note": null,
      "raw": "Jugoslavien-Nordkorea 3-2",
      "parse_ok": true
    },
    {
      "year": 2018,
      "phase": "slutspel",
      "round": "Semifinaler",
      "team1": "Färöarna",
      "team2": "Finland",
      "score1": 2,
      "score2": 1,
      "note": null,
      "raw": "Färöarna-Finland 2-1",
      "parse_ok": true
    },
    {
      "year": 2018,
      "phase": "final",
      "round": "Final",
      "team1": "Jugoslavien",
      "team2": "Färöarna",
      "score1": 4,
      "score2": 3,
      "note": "sd",
      "raw": "Jugoslavien-Färöarna 4-3 (sd)",
      "parse_ok": true
    },
    {
      "year": 2017,
      "phase": "okänd",
      "round": "Grupp A",
      "team1": "Finland",
      "team2": "El Salvador",
      "score1": 1,
      "score2": 1,
      "note": null,
      "raw": "Finland-El Salvador 1-1",
      "parse_ok": true
    },
    {
      "year": 2017,
      "phase": "okänd",
      "round": "Grupp A",
      "team1": "Albanien",
      "team2": "Sverige",
      "score1": 1,
      "score2": 1,
      "note": null,
      "raw": "Albanien-Sverige 1-1",
      "parse_ok": true
    },
    {
      "year": 2017,
      "phase": "okänd",
      "round": "Grupp A",
      "team1": "Finland",
      "team2": "Trinidad/Tobago",
      "score1": 9,
      "score2": 1,
      "note": null,
      "raw": "Finland-Trinidad/Tobago 9-1",
      "parse_ok": true
    },
    {
      "year": 2017,
      "phase": "okänd",
      "round": "Grupp A",
      "team1": "El Salvador",
      "team2": "Sverige",
      "score1": 1,
      "score2": 4,
      "note": null,
      "raw": "El Salvador-Sverige 1-4",
      "parse_ok": true
    },
    {
      "year": 2017,
      "phase": "okänd",
      "round": "Grupp A",
      "team1": "Albanien",
      "team2": "El Salvador",
      "score1": 2,
      "score2": 2,
      "note": null,
      "raw": "Albanien-El Salvador 2-2",
      "parse_ok": true
    },
    {
      "year": 2017,
      "phase": "okänd",
      "round": "Grupp A",
      "team1": "Finland",
      "team2": "Albanien",
      "score1": 5,
      "score2": 1,
      "note": null,
      "raw": "Finland-Albanien 5-1",
      "parse_ok": true
    },
    {
      "year": 2017,
      "phase": "okänd",
      "round": "Grupp A",
      "team1": "El Salvador",
      "team2": "Trinidad/Tobago",
      "score1": 6,
      "score2": 0,
      "note": null,
      "raw": "El Salvador-Trinidad/Tobago 6-0",
      "parse_ok": true
    },
    {
      "year": 2017,
      "phase": "okänd",
      "round": "Grupp A",
      "team1": "Sverige",
      "team2": "Trinidad/Tobago",
      "score1": 5,
      "score2": 0,
      "note": null,
      "raw": "Sverige-Trinidad/Tobago 5-0",
      "parse_ok": true
    },
    {
      "year": 2017,
      "phase": "okänd",
      "round": "Grupp A",
      "team1": "Trinidad/Tobago",
      "team2": "Albanien",
      "score1": 0,
      "score2": 7,
      "note": null,
      "raw": "Trinidad/Tobago-Albanien 0-7",
      "parse_ok": true
    },
    {
      "year": 2017,
      "phase": "okänd",
      "round": "Grupp A",
      "team1": "Sverige",
      "team2": "Finland",
      "score1": 2,
      "score2": 4,
      "note": null,
      "raw": "Sverige-Finland 2-4",
      "parse_ok": true
    },
    {
      "year": 2017,
      "phase": "okänd",
      "round": "Grupp B",
      "team1": "Färöarna",
      "team2": "Chile",
      "score1": 3,
      "score2": 0,
      "note": null,
      "raw": "Färöarna-Chile 3-0",
      "parse_ok": true
    },
    {
      "year": 2017,
      "phase": "okänd",
      "round": "Grupp B",
      "team1": "Tamil Eelam",
      "team2": "Sovjetunionen",
      "score1": 2,
      "score2": 2,
      "note": null,
      "raw": "Tamil Eelam-Sovjetunionen 2-2",
      "parse_ok": true
    },
    {
      "year": 2017,
      "phase": "okänd",
      "round": "Grupp B",
      "team1": "Tamil Eelam",
      "team2": "Färöarna",
      "score1": 1,
      "score2": 5,
      "note": null,
      "raw": "Tamil Eelam-Färöarna 1-5",
      "parse_ok": true
    },
    {
      "year": 2017,
      "phase": "okänd",
      "round": "Grupp B",
      "team1": "Chile",
      "team2": "Sovjetunionen",
      "score1": 1,
      "score2": 1,
      "note": null,
      "raw": "Chile-Sovjetunionen 1-1",
      "parse_ok": true
    },
    {
      "year": 2017,
      "phase": "okänd",
      "round": "Grupp B",
      "team1": "Färöarna",
      "team2": "Sovjetunionen",
      "score1": 10,
      "score2": 2,
      "note": null,
      "raw": "Färöarna-Sovjetunionen 10-2",
      "parse_ok": true
    },
    {
      "year": 2017,
      "phase": "okänd",
      "round": "Grupp B",
      "team1": "Chile",
      "team2": "Tamil Eelam",
      "score1": 2,
      "score2": 2,
      "note": null,
      "raw": "Chile-Tamil Eelam 2-2",
      "parse_ok": true
    },
    {
      "year": 2017,
      "phase": "okänd",
      "round": "Grupp C",
      "team1": "Nordkorea",
      "team2": "Jugoslavien",
      "score1": 0,
      "score2": 2,
      "note": null,
      "raw": "Nordkorea-Jugoslavien 0-2",
      "parse_ok": true
    },
    {
      "year": 2017,
      "phase": "okänd",
      "round": "Grupp C",
      "team1": "Schweiz",
      "team2": "Östtyskland",
      "score1": 2,
      "score2": 4,
      "note": null,
      "raw": "Schweiz-Östtyskland 2-4",
      "parse_ok": true
    },
    {
      "year": 2017,
      "phase": "okänd",
      "round": "Grupp C",
      "team1": "Nordkorea",
      "team2": "Schweiz",
      "score1": 2,
      "score2": 1,
      "note": null,
      "raw": "Nordkorea-Schweiz 2-1",
      "parse_ok": true
    },
    {
      "year": 2017,
      "phase": "okänd",
      "round": "Grupp C",
      "team1": "Jugoslavien",
      "team2": "Östtyskland",
      "score1": 4,
      "score2": 1,
      "note": null,
      "raw": "Jugoslavien-Östtyskland 4-1",
      "parse_ok": true
    },
    {
      "year": 2017,
      "phase": "okänd",
      "round": "Grupp C",
      "team1": "Jugoslavien",
      "team2": "Schweiz",
      "score1": 1,
      "score2": 3,
      "note": null,
      "raw": "Jugoslavien-Schweiz 1-3",
      "parse_ok": true
    },
    {
      "year": 2017,
      "phase": "okänd",
      "round": "Grupp C",
      "team1": "Nordkorea",
      "team2": "Östtyskland",
      "score1": 2,
      "score2": 2,
      "note": null,
      "raw": "Nordkorea-Östtyskland 2-2",
      "parse_ok": true
    },
    {
      "year": 2017,
      "phase": "slutspel",
      "round": "Kvartsfinaler",
      "team1": "Finland",
      "team2": "Nordkorea",
      "score1": 2,
      "score2": 3,
      "note": null,
      "raw": "Finland-Nordkorea 2-3",
      "parse_ok": true
    },
    {
      "year": 2017,
      "phase": "slutspel",
      "round": "Kvartsfinaler",
      "team1": "Sverige",
      "team2": "Östtyskland",
      "score1": 3,
      "score2": 2,
      "note": null,
      "raw": "Sverige-Östtyskland 3-2",
      "parse_ok": true
    },
    {
      "year": 2017,
      "phase": "slutspel",
      "round": "Kvartsfinaler",
      "team1": "Albanien",
      "team2": "Färöarna",
      "score1": 1,
      "score2": 5,
      "note": null,
      "raw": "Albanien-Färöarna 1-5",
      "parse_ok": true
    },
    {
      "year": 2017,
      "phase": "slutspel",
      "round": "Kvartsfinaler",
      "team1": "Jugoslavien",
      "team2": "Chile",
      "score1": 3,
      "score2": 5,
      "note": null,
      "raw": "Jugoslavien-Chile 3-5",
      "parse_ok": true
    },
    {
      "year": 2017,
      "phase": "slutspel",
      "round": "Semifinaler",
      "team1": "Nordkorea",
      "team2": "Sverige",
      "score1": 2,
      "score2": 3,
      "note": "sd",
      "raw": "Nordkorea-Sverige 2-3 (sd)",
      "parse_ok": true
    },
    {
      "year": 2017,
      "phase": "slutspel",
      "round": "Semifinaler",
      "team1": "Färöarna",
      "team2": "Chile",
      "score1": 5,
      "score2": 2,
      "note": null,
      "raw": "Färöarna-Chile 5-2",
      "parse_ok": true
    },
    {
      "year": 2017,
      "phase": "final",
      "round": "Final",
      "team1": "Sverige",
      "team2": "Färöarna",
      "score1": 1,
      "score2": 2,
      "note": null,
      "raw": "Sverige-Färöarna 1-2",
      "parse_ok": true
    },
    {
      "year": 2016,
      "phase": "okänd",
      "round": "Grupp A",
      "team1": "El Salvador",
      "team2": "Övre Volta",
      "score1": 1,
      "score2": 0,
      "note": null,
      "raw": "El Salvador-Övre Volta 1-0",
      "parse_ok": true
    },
    {
      "year": 2016,
      "phase": "okänd",
      "round": "Grupp A",
      "team1": "Sovjetunionen",
      "team2": "Sverige",
      "score1": 0,
      "score2": 1,
      "note": null,
      "raw": "Sovjetunionen-Sverige 0-1",
      "parse_ok": true
    },
    {
      "year": 2016,
      "phase": "okänd",
      "round": "Grupp A",
      "team1": "Sverige",
      "team2": "El Salvador",
      "score1": 4,
      "score2": 2,
      "note": null,
      "raw": "Sverige-El Salvador 4-2",
      "parse_ok": true
    },
    {
      "year": 2016,
      "phase": "okänd",
      "round": "Grupp A",
      "team1": "Övre Volta",
      "team2": "Sovjetunionen",
      "score1": 2,
      "score2": 2,
      "note": null,
      "raw": "Övre Volta-Sovjetunionen 2-2",
      "parse_ok": true
    },
    {
      "year": 2016,
      "phase": "okänd",
      "round": "Grupp A",
      "team1": "Sverige",
      "team2": "Övre Volta",
      "score1": 3,
      "score2": 1,
      "note": null,
      "raw": "Sverige-Övre Volta 3-1",
      "parse_ok": true
    },
    {
      "year": 2016,
      "phase": "okänd",
      "round": "Grupp A",
      "team1": "Sovjetunionen",
      "team2": "El Salvador",
      "score1": 0,
      "score2": 5,
      "note": null,
      "raw": "Sovjetunionen-El Salvador 0-5",
      "parse_ok": true
    },
    {
      "year": 2016,
      "phase": "okänd",
      "round": "Grupp B",
      "team1": "Schweiz",
      "team2": "Tamil Eelam",
      "score1": 3,
      "score2": 2,
      "note": null,
      "raw": "Schweiz-Tamil Eelam 3-2",
      "parse_ok": true
    },
    {
      "year": 2016,
      "phase": "okänd",
      "round": "Grupp B",
      "team1": "Finland",
      "team2": "Skottland",
      "score1": 7,
      "score2": 0,
      "note": null,
      "raw": "Finland-Skottland 7-0",
      "parse_ok": true
    },
    {
      "year": 2016,
      "phase": "okänd",
      "round": "Grupp B",
      "team1": "Skottland",
      "team2": "Jugoslavien",
      "score1": 0,
      "score2": 1,
      "note": null,
      "raw": "Skottland-Jugoslavien 0-1",
      "parse_ok": true
    },
    {
      "year": 2016,
      "phase": "okänd",
      "round": "Grupp B",
      "team1": "Tamil Eelam",
      "team2": "Finland",
      "score1": 1,
      "score2": 4,
      "note": null,
      "raw": "Tamil Eelam-Finland 1-4",
      "parse_ok": true
    },
    {
      "year": 2016,
      "phase": "okänd",
      "round": "Grupp B",
      "team1": "Schweiz",
      "team2": "Skottland",
      "score1": 6,
      "score2": 1,
      "note": null,
      "raw": "Schweiz-Skottland 6-1",
      "parse_ok": true
    },
    {
      "year": 2016,
      "phase": "okänd",
      "round": "Grupp B",
      "team1": "Finland",
      "team2": "Jugoslavien",
      "score1": 3,
      "score2": 0,
      "note": null,
      "raw": "Finland-Jugoslavien 3-0",
      "parse_ok": true
    },
    {
      "year": 2016,
      "phase": "okänd",
      "round": "Grupp B",
      "team1": "Tamil Eelam",
      "team2": "Jugoslavien",
      "score1": 0,
      "score2": 3,
      "note": null,
      "raw": "Tamil Eelam-Jugoslavien 0-3",
      "parse_ok": true
    },
    {
      "year": 2016,
      "phase": "okänd",
      "round": "Grupp B",
      "team1": "Schweiz",
      "team2": "Finland",
      "score1": 1,
      "score2": 6,
      "note": null,
      "raw": "Schweiz-Finland 1-6",
      "parse_ok": true
    },
    {
      "year": 2016,
      "phase": "okänd",
      "round": "Grupp B",
      "team1": "Jugoslavien",
      "team2": "Schweiz",
      "score1": 1,
      "score2": 0,
      "note": null,
      "raw": "Jugoslavien-Schweiz 1-0",
      "parse_ok": true
    },
    {
      "year": 2016,
      "phase": "okänd",
      "round": "Grupp B",
      "team1": "Tamil Eelam",
      "team2": "Skottland",
      "score1": 5,
      "score2": 0,
      "note": null,
      "raw": "Tamil Eelam-Skottland 5-0",
      "parse_ok": true
    },
    {
      "year": 2016,
      "phase": "okänd",
      "round": "Grupp C",
      "team1": "Chile",
      "team2": "Albanien",
      "score1": 3,
      "score2": 4,
      "note": null,
      "raw": "Chile-Albanien 3-4",
      "parse_ok": true
    },
    {
      "year": 2016,
      "phase": "okänd",
      "round": "Grupp C",
      "team1": "Östtyskland",
      "team2": "Färöarna",
      "score1": 0,
      "score2": 7,
      "note": null,
      "raw": "Östtyskland-Färöarna 0-7",
      "parse_ok": true
    },
    {
      "year": 2016,
      "phase": "okänd",
      "round": "Grupp C",
      "team1": "Albanien",
      "team2": "Östtyskland",
      "score1": 2,
      "score2": 1,
      "note": null,
      "raw": "Albanien-Östtyskland 2-1",
      "parse_ok": true
    },
    {
      "year": 2016,
      "phase": "okänd",
      "round": "Grupp C",
      "team1": "Färöarna",
      "team2": "Chile",
      "score1": 5,
      "score2": 2,
      "note": null,
      "raw": "Färöarna-Chile 5-2",
      "parse_ok": true
    },
    {
      "year": 2016,
      "phase": "okänd",
      "round": "Grupp C",
      "team1": "Chile",
      "team2": "Östtyskland",
      "score1": 2,
      "score2": 1,
      "note": null,
      "raw": "Chile-Östtyskland 2-1",
      "parse_ok": true
    },
    {
      "year": 2016,
      "phase": "okänd",
      "round": "Grupp C",
      "team1": "Färöarna",
      "team2": "Albanien",
      "score1": 6,
      "score2": 1,
      "note": null,
      "raw": "Färöarna-Albanien 6-1",
      "parse_ok": true
    },
    {
      "year": 2016,
      "phase": "slutspel",
      "round": "Kvartsfinaler",
      "team1": "Sverige",
      "team2": "Schweiz",
      "score1": 6,
      "score2": 0,
      "note": null,
      "raw": "Sverige-Schweiz 6-0",
      "parse_ok": true
    },
    {
      "year": 2016,
      "phase": "slutspel",
      "round": "Kvartsfinaler",
      "team1": "Finland",
      "team2": "Chile",
      "score1": 3,
      "score2": 0,
      "note": null,
      "raw": "Finland-Chile 3-0",
      "parse_ok": true
    },
    {
      "year": 2016,
      "phase": "slutspel",
      "round": "Kvartsfinaler",
      "team1": "Färöarna",
      "team2": "El Salvador",
      "score1": 4,
      "score2": 0,
      "note": null,
      "raw": "Färöarna-El Salvador 4-0",
      "parse_ok": true
    },
    {
      "year": 2016,
      "phase": "slutspel",
      "round": "Kvartsfinaler",
      "team1": "Jugoslavien",
      "team2": "Albanien",
      "score1": 1,
      "score2": 4,
      "note": null,
      "raw": "Jugoslavien-Albanien 1-4",
      "parse_ok": true
    },
    {
      "year": 2016,
      "phase": "slutspel",
      "round": "Semifinaler",
      "team1": "Sverige",
      "team2": "Finland",
      "score1": 3,
      "score2": 4,
      "note": "sd",
      "raw": "Sverige-Finland 3-4 (sd)",
      "parse_ok": true
    },
    {
      "year": 2016,
      "phase": "slutspel",
      "round": "Semifinaler",
      "team1": "Färöarna",
      "team2": "Albanien",
      "score1": 3,
      "score2": 1,
      "note": null,
      "raw": "Färöarna-Albanien 3-1",
      "parse_ok": true
    },
    {
      "year": 2016,
      "phase": "final",
      "round": "Final",
      "team1": "Finland",
      "team2": "Färöarna",
      "score1": 2,
      "score2": 3,
      "note": "sd",
      "raw": "Finland-Färöarna 2-3 (sd)",
      "parse_ok": true
    },
    {
      "year": 2014,
      "phase": "okänd",
      "round": "Grupp A",
      "team1": "Färöarna",
      "team2": "Tamil Eelam",
      "score1": 6,
      "score2": 1,
      "note": null,
      "raw": "Färöarna-Tamil Eelam 6-1",
      "parse_ok": true
    },
    {
      "year": 2014,
      "phase": "okänd",
      "round": "Grupp A",
      "team1": "Västtyskland",
      "team2": "Sverige",
      "score1": 2,
      "score2": 1,
      "note": null,
      "raw": "Västtyskland-Sverige 2-1",
      "parse_ok": true
    },
    {
      "year": 2014,
      "phase": "okänd",
      "round": "Grupp A",
      "team1": "Tamil Eelam",
      "team2": "Västtyskland",
      "score1": 1,
      "score2": 0,
      "note": null,
      "raw": "Tamil Eelam-Västtyskland 1-0",
      "parse_ok": true
    },
    {
      "year": 2014,
      "phase": "okänd",
      "round": "Grupp A",
      "team1": "Sverige",
      "team2": "Färöarna",
      "score1": 1,
      "score2": 4,
      "note": null,
      "raw": "Sverige-Färöarna 1-4",
      "parse_ok": true
    },
    {
      "year": 2014,
      "phase": "okänd",
      "round": "Grupp A",
      "team1": "Sverige",
      "team2": "Tamil Eelam",
      "score1": 2,
      "score2": 1,
      "note": null,
      "raw": "Sverige-Tamil Eelam 2-1",
      "parse_ok": true
    },
    {
      "year": 2014,
      "phase": "okänd",
      "round": "Grupp A",
      "team1": "Färöarna",
      "team2": "Västtyskland",
      "score1": 2,
      "score2": 2,
      "note": null,
      "raw": "Färöarna-Västtyskland 2-2",
      "parse_ok": true
    },
    {
      "year": 2014,
      "phase": "okänd",
      "round": "Grupp B",
      "team1": "Polen",
      "team2": "Jugoslavien",
      "score1": 1,
      "score2": 3,
      "note": null,
      "raw": "Polen-Jugoslavien 1-3",
      "parse_ok": true
    },
    {
      "year": 2014,
      "phase": "okänd",
      "round": "Grupp B",
      "team1": "Övre Volta",
      "team2": "Östtyskland",
      "score1": 3,
      "score2": 3,
      "note": null,
      "raw": "Övre Volta-Östtyskland 3-3",
      "parse_ok": true
    },
    {
      "year": 2014,
      "phase": "okänd",
      "round": "Grupp B",
      "team1": "Norge",
      "team2": "Jugoslavien",
      "score1": 2,
      "score2": 3,
      "note": null,
      "raw": "Norge-Jugoslavien 2-3",
      "parse_ok": true
    },
    {
      "year": 2014,
      "phase": "okänd",
      "round": "Grupp B",
      "team1": "Östtyskland",
      "team2": "Polen",
      "score1": 1,
      "score2": 3,
      "note": null,
      "raw": "Östtyskland-Polen 1-3",
      "parse_ok": true
    },
    {
      "year": 2014,
      "phase": "okänd",
      "round": "Grupp B",
      "team1": "Jugoslavien",
      "team2": "Övre Volta",
      "score1": 2,
      "score2": 1,
      "note": null,
      "raw": "Jugoslavien-Övre Volta 2-1",
      "parse_ok": true
    },
    {
      "year": 2014,
      "phase": "okänd",
      "round": "Grupp B",
      "team1": "Övre Volta",
      "team2": "Norge",
      "score1": 1,
      "score2": 2,
      "note": null,
      "raw": "Övre Volta-Norge 1-2",
      "parse_ok": true
    },
    {
      "year": 2014,
      "phase": "okänd",
      "round": "Grupp B",
      "team1": "Norge",
      "team2": "Östtyskland",
      "score1": 1,
      "score2": 1,
      "note": null,
      "raw": "Norge-Östtyskland 1-1",
      "parse_ok": true
    },
    {
      "year": 2014,
      "phase": "okänd",
      "round": "Grupp B",
      "team1": "Jugoslavien",
      "team2": "Östtyskland",
      "score1": 2,
      "score2": 1,
      "note": null,
      "raw": "Jugoslavien-Östtyskland 2-1",
      "parse_ok": true
    },
    {
      "year": 2014,
      "phase": "okänd",
      "round": "Grupp B",
      "team1": "Polen",
      "team2": "Övre Volta",
      "score1": 4,
      "score2": 1,
      "note": null,
      "raw": "Polen-Övre Volta 4-1",
      "parse_ok": true
    },
    {
      "year": 2014,
      "phase": "okänd",
      "round": "Grupp B",
      "team1": "Polen",
      "team2": "Norge",
      "score1": 3,
      "score2": 0,
      "note": null,
      "raw": "Polen-Norge 3-0",
      "parse_ok": true
    },
    {
      "year": 2014,
      "phase": "slutspel",
      "round": "Semifinaler",
      "team1": "Färöarna",
      "team2": "Polen",
      "score1": 4,
      "score2": 1,
      "note": null,
      "raw": "Färöarna-Polen 4-1",
      "parse_ok": true
    },
    {
      "year": 2014,
      "phase": "slutspel",
      "round": "Semifinaler",
      "team1": "Jugoslavien",
      "team2": "Västtyskland",
      "score1": 3,
      "score2": 1,
      "note": null,
      "raw": "Jugoslavien-Västtyskland 3-1",
      "parse_ok": true
    },
    {
      "year": 2014,
      "phase": "final",
      "round": "Final",
      "team1": "Färöarna",
      "team2": "Jugoslavien",
      "score1": 7,
      "score2": 0,
      "note": null,
      "raw": "Färöarna-Jugoslavien 7-0",
      "parse_ok": true
    }
  ]
}